Date,Open,High,Low,Close
2013-04-15,136,136.75,130.509995,131.309998
2013-04-16,134.899994,135.110001,131.759995,132.800003
2013-04-17,133.809998,134.949997,132.320007,132.869995
2013-04-18,134.119995,135.309998,133.619995,134.300003
2013-04-19,136,136.020004,134.600006,135.470001
2013-04-22,138.149994,138.270004,137.220001,137.899994
2013-04-23,137.220001,137.240005,135.850006,136.880005
2013-04-24,138.089996,138.550003,137.449997,138.369995
2013-04-25,140,142.080002,139.789993,141.630005
2013-04-26,142.300003,143.429993,140.039993,140.910004
2013-04-29,142.130005,142.660004,141.490005,142.300003
2013-04-30,142.270004,142.830002,141.550003,142.770004
2013-05-01,140.589996,141.550003,139.300003,141.110001
2013-05-02,142,142.470001,141.639999,141.919998
2013-05-03,141.699997,142.710007,141.399994,142.089996
2013-05-06,142.330002,142.460007,141.630005,142.149994
2013-05-07,140.380005,140.639999,139.369995,140.380005
2013-05-08,141.779999,142.809998,141.490005,142.460007
2013-05-09,141.330002,142.360001,140.509995,140.809998
2013-05-10,138.220001,139.75,137.259995,139.600006
2013-05-13,138.460007,138.970001,138.160004,138.429993
2013-05-14,137.949997,139.160004,137.639999,137.809998
2013-05-15,136.589996,136.979996,134.229996,134.630005
2013-05-16,133.179993,134.479996,133,134.089996
2013-05-17,133.169998,133.479996,131.020004,131.070007
2013-05-20,130.880005,135.320007,130.850006,135.119995
2013-05-21,132.169998,133.649994,131.449997,132.880005
2013-05-22,134.179993,136.770004,130.949997,131.940002
2013-05-23,134.509995,134.839996,133.119995,134.610001
2013-05-24,134.110001,134.509995,133.639999,133.759995
2013-05-28,133.679993,135.570007,132.800003,133.490005
2013-05-29,134.089996,134.910004,133.639999,134.830002
2013-05-30,136.669998,137.110001,136.259995,136.699997
2013-05-31,135.710007,136.050003,133.889999,133.919998
2013-06-03,134.770004,136.979996,134.429993,136.509995
2013-06-04,135.210007,135.440002,134.270004,135.229996
2013-06-05,135.470001,136.369995,135.009995,135.520004
2013-06-06,135.389999,137.619995,134.979996,136.529999
2013-06-07,134.110001,134.619995,133.179993,133.279999
2013-06-10,133.300003,134.279999,132.990005,133.940002
2013-06-11,132.309998,133.509995,132.240005,133.25
2013-06-12,132.949997,134.830002,132.830002,134.25
2013-06-13,133.309998,134.199997,132.820007,133.740005
2013-06-14,134,134.600006,133.880005,134.429993
2013-06-17,133.889999,134.059998,133.520004,133.770004
2013-06-18,132.720001,132.960007,131.529999,132.130005
2013-06-19,132.580002,133.149994,130.380005,130.589996
2013-06-20,125.220001,126.379997,123.330002,123.599998
2013-06-21,125.160004,125.57,124.459999,125.050003
2013-06-24,124.309998,124.699997,123.309998,123.93
2013-06-25,123.650002,123.900002,122.879997,123.470001
2013-06-26,119.879997,119.900002,118.059998,118.279999
2013-06-27,119.099998,119.510002,115.650002,115.940002
2013-06-28,115.220001,119.330002,114.68,119.110001
2013-07-01,119.940002,121.949997,119.379997,121.129997
2013-07-02,121.339996,121.470001,119.779999,120.050003
2013-07-03,120.699997,121.769997,120.540001,120.739998
2013-07-05,118.080002,118.18,116.739998,118.089996
2013-07-08,119.089996,119.660004,118.93,119.510002
2013-07-09,120.839996,121.510002,120.050003,120.620003
2013-07-10,121.150002,122.349998,120.589996,120.949997
2013-07-11,124.260002,124.360001,123.470001,124.239998
2013-07-12,123.519997,124.300003,123.32,124.129997
2013-07-15,124.080002,124.389999,123.839996,124.18
2013-07-16,124.760002,125.209999,124.330002,124.889999
2013-07-17,125.040001,125.699997,122.730003,123.32
2013-07-18,124.110001,124.519997,123.779999,124.010002
2013-07-19,124.889999,125.419998,124.650002,125.110001
2013-07-22,127.650002,129.460007,127.589996,128.839996
2013-07-23,128.699997,130.139999,128.350006,129.710007
2013-07-24,129.169998,129.399994,126.870003,127.480003
2013-07-25,127.699997,128.869995,127.639999,128.669998
2013-07-26,128.110001,128.970001,126.779999,128.779999
2013-07-29,128.449997,128.779999,128.25,128.470001
2013-07-30,127.949997,128.309998,127.220001,128.119995
2013-07-31,127.760002,128.919998,126.129997,127.959999
2013-08-01,127.839996,127.889999,126.330002,126.610001
2013-08-02,126.739998,127.25,126.32,126.360001
2013-08-05,126.510002,126.639999,125.339996,125.699997
2013-08-06,124.330002,124.550003,123.550003,123.970001
2013-08-07,124,124.599998,123.849998,124.150002
2013-08-08,124.779999,126.989998,124.769997,126.860001
2013-08-09,126.510002,127.269997,126.300003,126.860001
2013-08-12,129.570007,129.710007,128.880005,129.130005
2013-08-13,128.490005,128.649994,127.379997,127.739998
2013-08-14,127.660004,129.070007,127.57,129
2013-08-15,128.059998,132.360001,127.980003,131.690002
2013-08-16,132.559998,133.270004,131.389999,132.580002
2013-08-19,132.330002,132.5,131.589996,132.009995
2013-08-20,132.029999,133.130005,132.020004,132.449997
2013-08-21,131.740005,133.229996,131.509995,132.070007
2013-08-22,132.559998,133.460007,132.270004,132.809998
2013-08-23,132.580002,135.240005,132.5,134.899994
2013-08-26,134.880005,135.600006,134.149994,135.449997
2013-08-27,136.940002,137.550003,136.520004,136.75
2013-08-28,137.210007,137.460007,136.660004,136.710007
2013-08-29,136.119995,136.550003,135.419998,135.869995
2013-08-30,134.649994,135.710007,134.440002,134.619995
2013-09-03,135.460007,136.789993,135.029999,136.419998
2013-09-04,134.610001,134.839996,133.720001,134.660004
2013-09-05,134.130005,134.350006,131.800003,132.199997
2013-09-06,133.419998,134.399994,133.330002,134.149994
2013-09-09,134.130005,134.320007,133.669998,133.910004
2013-09-10,131.820007,132,131.110001,131.740005
2013-09-11,131.580002,131.809998,131.259995,131.699997
2013-09-12,128.619995,128.779999,127.610001,127.669998
2013-09-13,127.160004,127.959999,126.209999,127.82
2013-09-16,127.480003,128.020004,126.330002,126.449997
2013-09-17,126.809998,126.989998,126.110001,126.5
2013-09-18,125.32,132.160004,125.150002,132.009995
2013-09-19,132,132.779999,131.220001,131.75
2013-09-20,130.600006,130.910004,127.900002,127.959999
2013-09-23,127.519997,128.440002,127.330002,127.550003
2013-09-24,126.400002,128.210007,126.339996,127.660004
2013-09-25,127.57,129.210007,127.519997,128.789993
2013-09-26,128.610001,128.990005,127.32,127.790001
2013-09-27,128.860001,129.580002,128.839996,128.970001
2013-09-30,127.949997,129.139999,127.699997,128.179993
2013-10-01,125.25,125.260002,123.809998,124.589996
2013-10-02,125.370003,127.809998,125.339996,127.059998
2013-10-03,126.769997,127.690002,126.220001,127.18
2013-10-04,127.050003,127.150002,126,126.529999
2013-10-07,127.25,128.330002,127.120003,127.639999
2013-10-08,127.790001,128.449997,127.209999,127.400002
2013-10-09,126.209999,126.889999,124.970001,126.110001
2013-10-10,125.339996,125.830002,124.099998,124.269997
2013-10-11,122.370003,122.809998,121.849998,122.599998
2013-10-14,123.900002,124.239998,122.809998,122.830002
2013-10-15,122.279999,124.360001,122.220001,123.730003
2013-10-16,123.519997,123.889999,122.510002,123.540001
2013-10-17,127.010002,127.860001,126.809998,127.419998
2013-10-18,126.870003,127.330002,126.599998,126.849998
2013-10-21,127.129997,127.339996,126.790001,126.980003
2013-10-22,128.25,129.809998,128.220001,129.339996
2013-10-23,128.550003,129.089996,128.350006,128.690002
2013-10-24,129.410004,130.529999,129.410004,129.899994
2013-10-25,129.529999,130.919998,129.460007,130.460007
2013-10-28,130.410004,131.440002,130.100006,130.559998
2013-10-29,130.160004,130.589996,129.570007,129.770004
2013-10-30,130.830002,131.220001,128.809998,129.600006
2013-10-31,128.039993,128.490005,127.300003,127.739998
2013-11-01,126.860001,127.169998,126.050003,126.949997
2013-11-04,127.18,127.519997,126.739998,126.809998
2013-11-05,126.709999,126.860001,126,126.559998
2013-11-06,127.110001,127.360001,126.919998,127.199997
2013-11-07,126.139999,126.849998,125.860001,126.160004
2013-11-08,124.459999,124.459999,123.620003,124.279999
2013-11-11,123.919998,123.970001,123.660004,123.870003
2013-11-12,123.510002,123.870003,121.730003,122.449997
2013-11-13,122.970001,123.239998,122.389999,122.849998
2013-11-14,123.919998,124.910004,123.879997,124.269997
2013-11-15,124.160004,124.519997,124.07,124.32
2013-11-18,123.699997,123.959999,122.550003,122.900002
2013-11-19,122.970001,123.400002,122.830002,122.949997
2013-11-20,121.669998,122.440002,119.760002,120.120003
2013-11-21,119.809998,120.349998,119.309998,119.940002
2013-11-22,120.239998,120.400002,119.82,119.919998
2013-11-25,119.18,121,119.129997,120.459999
2013-11-26,119.839996,120.400002,119.589996,119.82
2013-11-27,120.489998,120.690002,119.25,119.459999
2013-11-29,120.669998,121.050003,120.620003,120.699997
2013-12-02,119.199997,119.290001,117.5,117.580002
2013-12-03,117.580002,118.309998,117.230003,117.959999
2013-12-04,118.330002,120.760002,118.160004,119.959999
2013-12-05,118.199997,119.239998,117.410004,118.300003
2013-12-06,118.860001,119.260002,118.010002,118.550003
2013-12-09,118.989998,119.919998,118.949997,119.720001
2013-12-10,122.139999,122.32,121.470001,121.82
2013-12-11,121.489998,121.809998,120.760002,120.860001
2013-12-12,118.610001,118.82,118.029999,118.290001
2013-12-13,118.889999,119.489998,118.760002,119.379997
2013-12-16,119.260002,120.769997,118.970001,119.690002
2013-12-17,118.959999,119.900002,118.370003,118.650002
2013-12-18,119,120.050003,117.290001,117.610001
2013-12-19,115.970001,116.059998,114.5,114.82
2013-12-20,115.370003,116.470001,115.059998,115.940002
2013-12-23,115.610001,116.120003,115.43,115.57
2013-12-24,115.790001,116.290001,115.709999,116.099998
2013-12-26,117.230003,117.230003,116.650002,116.739998
2013-12-27,117.309998,117.379997,116.849998,117.120003
2013-12-30,116.370003,116.400002,115.18,115.389999
2013-12-31,114.610001,117.129997,114.459999,116.120003
2014-01-02,117.93,118.730003,117.75,118
2014-01-03,118.639999,119.620003,118.589996,119.290001
2014-01-06,119.760002,120.389999,117.110001,119.5
2014-01-07,118.459999,118.919998,118.129997,118.82
2014-01-08,117.989998,118.519997,117.5,118.120003
2014-01-09,118.110001,118.690002,117.989998,118.459999
2014-01-10,119.720001,120.43,119.580002,120.260002
2014-01-13,120.269997,121.040001,120.199997,121.019997
2014-01-14,120.540001,121.059998,119.720001,119.889999
2014-01-15,119.190002,119.809998,119.110001,119.660004
2014-01-16,119.839996,119.959999,119.57,119.790001
2014-01-17,120.349998,121.019997,120.199997,120.93
2014-01-21,119.230003,119.970001,119.230003,119.699997
2014-01-22,119.650002,119.769997,119.169998,119.190002
2014-01-23,120.970001,122.019997,120.970001,121.790001
2014-01-24,122.059998,122.5,121.550003,122.290001
2014-01-27,121.650002,122.059998,120.720001,120.959999
2014-01-28,121.32,121.400002,120.410004,120.949997
2014-01-29,122.190002,122.510002,121.129997,122.470001
2014-01-30,119.669998,120.220001,119.599998,119.769997
2014-01-31,120.650002,120.860001,119.459999,120.089996
2014-02-03,120.470001,122.110001,120.32,121.32
2014-02-04,120.410004,121.089996,120.389999,120.989998
2014-02-05,121.760002,121.879997,120.730003,121.290001
2014-02-06,121.379997,121.510002,120.779999,121.239998
2014-02-07,121.239998,122.239998,121.230003,122.169998
2014-02-10,122.800003,123.160004,122.720001,122.919998
2014-02-11,123.379997,124.75,123.360001,124.360001
2014-02-12,124.400002,124.980003,124.129997,124.43
2014-02-13,124.699997,125.599998,124.660004,125.489998
2014-02-14,126.989998,127.379997,126.75,127.150002
2014-02-18,127.419998,127.75,127.089996,127.400002
2014-02-19,127.260002,127.449997,126.160004,126.269997
2014-02-20,126.75,127.75,126.400002,127.599998
2014-02-21,127.57,128.070007,127.150002,127.580002
2014-02-24,128.509995,129.070007,128.339996,128.990005
2014-02-25,128.619995,129.529999,128.570007,129.210007
2014-02-26,128.490005,128.759995,127.419998,128.110001
2014-02-27,128.399994,128.800003,127.889999,128.199997
2014-02-28,128.270004,128.350006,127.150002,127.620003
2014-03-03,130,130.589996,129.809998,130.289993
2014-03-04,128.539993,129.240005,128.320007,128.679993
2014-03-05,128.710007,129.339996,128.580002,128.889999
2014-03-06,129.710007,130.470001,129.470001,130.169998
2014-03-07,128.25,129.229996,128.210007,129.089996
2014-03-10,128.880005,129.610001,128.779999,129.130005
2014-03-11,130.009995,130.149994,128.929993,129.860001
2014-03-12,131.559998,132.119995,131.389999,131.759995
2014-03-13,131.690002,132.539993,131.559998,132.210007
2014-03-14,133.679993,133.690002,132.350006,133.100006
2014-03-17,132.729996,133.220001,131.220001,131.639999
2014-03-18,130.389999,131.270004,130.330002,130.619995
2014-03-19,129.550003,129.679993,127.940002,128.089996
2014-03-20,127.779999,128.410004,127.580002,127.860001
2014-03-21,129.039993,129.089996,128.410004,128.470001
2014-03-24,126.870003,127.139999,126.029999,126.18
2014-03-25,126.440002,126.82,126.239998,126.410004
2014-03-26,126.269997,126.379997,125.129997,125.410004
2014-03-27,125.059998,125.290001,124.209999,124.589996
2014-03-28,124.230003,124.959999,123.879997,124.559998
2014-03-31,124.519997,124.790001,123.57,123.610001
2014-04-01,123.709999,123.849998,123.110001,123.389999
2014-04-02,124.410004,124.75,124.190002,124.32
2014-04-03,123.75,124.260002,123.589996,123.919998
2014-04-04,125.199997,125.959999,124.860001,125.57
2014-04-07,125.07,125.470001,124.839996,124.910004
2014-04-08,126.339996,126.339996,125.900002,126.089996
2014-04-09,125.459999,126.720001,125.330002,126.32
2014-04-10,126.949997,127.370003,126.82,127.010002
2014-04-11,127.040001,127.309998,126.730003,126.93
2014-04-14,127.800003,128.25,127.620003,127.849998
2014-04-15,124.790001,125.699997,124.599998,125.489998
2014-04-16,125.370003,125.57,125.029999,125.540001
2014-04-17,125.379997,125.529999,124.57,124.75
2014-04-21,124.07,124.330002,123.760002,124.239998
2014-04-22,124.150002,124.160004,122.919998,123.779999
2014-04-23,123.699997,123.940002,123.379997,123.760002
2014-04-24,122.870003,125.120003,122.839996,124.559998
2014-04-25,125.169998,125.709999,125.07,125.43
2014-04-28,125.300003,125.339996,124.449997,124.879997
2014-04-29,124.949997,125.379997,124.650002,124.860001
2014-04-30,124.190002,125.050003,123.82,124.220001
2014-05-01,123.169998,123.830002,123.059998,123.800003
2014-05-02,123.690002,125.669998,123.330002,125.059998
2014-05-05,126.470001,126.629997,126,126.220001
2014-05-06,126.019997,126.110001,125.629997,125.980003
2014-05-07,125.519997,125.57,123.919998,124.169998
2014-05-08,124.190002,124.470001,123.889999,124.169998
2014-05-09,124.389999,124.470001,123.82,124.099998
2014-05-12,125.400002,125.419998,124.690002,124.940002
2014-05-13,124.790001,125.099998,124.5,124.599998
2014-05-14,125.800003,125.959999,125.440002,125.809998
2014-05-15,124.769997,125.510002,124.540001,124.769997
2014-05-16,124.349998,124.769997,124.290001,124.5
2014-05-19,125.279999,125.470001,124.480003,124.580002
2014-05-20,124.120003,124.910004,124.089996,124.690002
2014-05-21,124.25,124.550003,123.529999,124.389999
2014-05-22,125.139999,125.239998,124.540001,124.669998
2014-05-23,124.599998,124.660004,124.190002,124.510002
2014-05-27,122.980003,123.07,121.75,121.849998
2014-05-28,121.470001,121.699997,120.919998,121.199997
2014-05-29,120.779999,121.459999,120.769997,120.940002
2014-05-30,120.760002,120.809998,119.620003,120.43
2014-06-02,119.93,120.459999,119.610001,119.699997
2014-06-03,119.730003,120.089996,119.419998,120.010002
2014-06-04,120.099998,120.160004,119.68,119.760002
2014-06-05,120.550003,120.879997,120.43,120.660004
2014-06-06,120.68,120.769997,119.940002,120.610001
2014-06-09,120.790001,120.849998,120.57,120.650002
2014-06-10,121.290001,121.470001,121.209999,121.389999
2014-06-11,121.510002,121.610001,121.18,121.410004
2014-06-12,121.919998,122.75,121.830002,122.639999
2014-06-13,122.57,123.040001,122.510002,122.959999
2014-06-16,122.879997,123.010002,122.300003,122.419998
2014-06-17,121.849998,122.5,121.82,122.279999
2014-06-18,122.220001,122.800003,122.089996,122.669998
2014-06-19,124.330002,127.230003,124.32,126.940002
2014-06-20,126.32,127.07,126.209999,126.5
2014-06-23,126.650002,126.940002,126.370003,126.849998
2014-06-24,127.220001,127.32,126.730003,126.980003
2014-06-25,126.779999,127.550003,126.660004,126.989998
2014-06-26,126.529999,126.919998,126.199997,126.730003
2014-06-27,126.879997,127.169998,126.650002,126.660004
2014-06-30,126.529999,128.039993,126.370003,128.039993
2014-07-01,127.989998,128.119995,127.489998,127.699997
2014-07-02,127.760002,128.240005,127.639999,127.699997
2014-07-03,126.790001,127.290001,126.610001,127.160004
2014-07-07,126.629997,127.029999,126.230003,127.019997
2014-07-08,127.290001,127.529999,126.43,127.07
2014-07-09,127.540001,128.259995,127.18,127.839996
2014-07-10,129.110001,129.210007,128.490005,128.539993
2014-07-11,128.410004,128.830002,128.380005,128.779999
2014-07-14,125.5,126.099998,125.449997,125.720001
2014-07-15,125.889999,126.32,124.360001,124.529999
2014-07-16,125.019997,125.470001,124.779999,124.970001
2014-07-17,125.519997,127.550003,125.110001,127.089996
2014-07-18,125.790001,126.209999,125.669998,126.129997
2014-07-21,126.529999,126.550003,126.110001,126.339996
2014-07-22,126.330002,126.43,125.470001,125.739998
2014-07-23,125.720001,126.040001,125.400002,125.620003
2014-07-24,124.849998,124.870003,123.900002,124.349998
2014-07-25,124.480003,125.93,124.43,125.790001
2014-07-28,125.440002,125.669998,125.300003,125.580002
2014-07-29,125.790001,125.879997,124.720001,125.199997
2014-07-30,124.889999,124.93,124.410004,124.830002
2014-07-31,123.849998,124.07,123.230003,123.389999
2014-08-01,124.540001,124.809998,124.230003,124.379997
2014-08-04,124.360001,124.470001,123.730003,123.989998
2014-08-05,123.739998,124.519997,123.400002,123.870003
2014-08-06,125.709999,126,125.519997,125.669998
2014-08-07,125.470001,126.510002,125.370003,126.18
2014-08-08,126.080002,126.410004,125.889999,126.190002
2014-08-11,125.839996,126.040001,125.639999,125.959999
2014-08-12,126.419998,126.809998,125.870003,125.989998
2014-08-13,126.349998,126.529999,125.900002,126.199997
2014-08-14,126.239998,126.529999,126.129997,126.309998
2014-08-15,124.519997,126.07,124.410004,125.480003
2014-08-18,124.779999,125.080002,124.650002,124.959999
2014-08-19,125,125,124.480003,124.68
2014-08-20,124.82,124.82,123.879997,124.220001
2014-08-21,122.720001,123.239998,122.449997,122.879997
2014-08-22,123.089996,123.330002,122.57,123.190002
2014-08-25,122.919998,123.040001,122.720001,122.739998
2014-08-26,123.919998,123.970001,123.279999,123.349998
2014-08-27,123.599998,123.709999,123.25,123.32
2014-08-28,124.150002,124.330002,123.809998,124
2014-08-29,123.75,124.220001,123.620003,123.860001
2014-09-02,121.970001,122.080002,121.43,121.650002
2014-09-03,121.699997,122.199997,121.660004,122.150002
2014-09-04,122.480003,122.660004,121.25,121.480003
2014-09-05,121.830002,122.059998,121.629997,122.059998
2014-09-08,121.580002,121.610001,120.370003,120.730003
2014-09-09,120.57,120.940002,120,120.870003
2014-09-10,120.129997,120.540001,119.639999,120.260002
2014-09-11,119.610001,119.699997,118.769997,119.470001
2014-09-12,118.629997,118.900002,118.07,118.379997
2014-09-15,118.790001,118.860001,118.459999,118.639999
2014-09-16,118.849998,119.43,118.440002,118.830002
2014-09-17,118.949997,119.239998,117.5,117.540001
2014-09-18,117.410004,118.089996,117.190002,117.779999
2014-09-19,117.510002,117.57,116.720001,117.089996
2014-09-22,116.720001,117.370003,116.580002,116.849998
2014-09-23,117.989998,117.989998,117.309998,117.599998
2014-09-24,117.120003,117.720001,116.900002,117.050003
2014-09-25,116.300003,117.760002,116.199997,117.389999
2014-09-26,117.019997,117.099998,116.580002,117.059998
2014-09-29,117.269997,117.400002,116.900002,117.029999
2014-09-30,116.540001,117.349998,115.849998,116.209999
2014-10-01,116.610001,117.260002,116.589996,116.769997
2014-10-02,116.860001,117.209999,116.330002,116.739998
2014-10-03,115.169998,115.510002,114.419998,114.610001
2014-10-06,115.160004,116.309998,114.940002,116.029999
2014-10-07,116.309998,116.629997,116.089996,116.360001
2014-10-08,117.029999,117.709999,115.849998,117.470001
2014-10-09,117.860001,118.260002,117.489998,117.639999
2014-10-10,117.699997,117.739998,117.190002,117.589996
2014-10-13,118.139999,118.669998,117.93,118.519997
2014-10-14,118.580002,118.82,118.349998,118.589996
2014-10-15,119.230003,120.18,118.589996,118.989998
2014-10-16,119.019997,119.650002,118.879997,119.220001
2014-10-17,119.059998,119.230003,118.419998,118.989998
2014-10-20,119.68,119.860001,119.540001,119.800003
2014-10-21,120.269997,120.5,119.910004,120.019997
2014-10-22,119.690002,119.790001,119.25,119.339996
2014-10-23,118.709999,118.82,117.879997,118.519997
2014-10-24,118.620003,118.629997,118.120003,118.349998
2014-10-27,118.18,118.370003,118.010002,118.059998
2014-10-28,118.480003,118.480003,118.010002,118.099998
2014-10-29,117.650002,117.910004,116.139999,116.410004
2014-10-30,115.800003,115.830002,114.940002,115.190002
2014-10-31,111.830002,112.879997,111.660004,112.660004
2014-11-03,112.389999,112.68,112,112.150002
2014-11-04,112.120003,112.709999,112.080002,112.220001
2014-11-05,109.919998,110.839996,109.669998,109.790001
2014-11-06,109.919998,110.489998,109.75,109.879997
2014-11-07,110.779999,113.150002,110.730003,112.970001
2014-11-10,112.239998,112.239998,110.279999,110.459999
2014-11-11,111.080002,112.760002,110.870003,112.040001
2014-11-12,112.050003,112.169998,111.230003,111.5
2014-11-13,111.889999,112.260002,111.220001,111.669998
2014-11-14,110.760002,114.720001,110.650002,114.470001
2014-11-17,113.970001,114.269997,113.559998,114.050003
2014-11-18,114.860001,115.169998,114.550003,115.050003
2014-11-19,114.93,115.349998,112.879997,113.68
2014-11-20,114.57,115.019997,114.089996,114.860001
2014-11-21,115.580002,115.959999,114.470001,115.389999
2014-11-24,115.150002,115.370003,114.790001,115.110001
2014-11-25,115.099998,115.470001,114.900002,115.379997
2014-11-26,115.25,115.339996,114.980003,115.160004
2014-11-28,113.529999,113.830002,111.949997,112.110001
2014-12-01,113.800003,117.360001,113.739998,116.580002
2014-12-02,115.129997,115.709999,114.720001,115.139999
2014-12-03,115.68,116.760002,115.559998,116.330002
2014-12-04,116.010002,116.339996,115.610001,115.879997
2014-12-05,115.160004,115.18,114.239998,114.43
2014-12-08,114.970001,116.160004,114.459999,115.779999
2014-12-09,117.040001,118.989998,116.980003,118.190002
2014-12-10,118.150002,118.470001,117.809998,117.959999
2014-12-11,116.980003,118.379997,116.82,117.690002
2014-12-12,117.389999,117.800003,116.68,117.410004
2014-12-15,116.220001,116.970001,114.360001,114.389999
2014-12-16,116.279999,116.5,114.07,114.949997
2014-12-17,115.099998,115.480003,113.580002,114.269997
2014-12-18,115.589996,115.809998,114.580002,115.150002
2014-12-19,115.059998,115.220001,114.769997,114.769997
2014-12-22,114.809998,114.970001,112.410004,112.550003
2014-12-23,112.879997,113.32,112.610001,112.739998
2014-12-24,112.830002,112.919998,112.660004,112.769997
2014-12-26,114.82,114.980003,114.529999,114.830002
2014-12-29,114.610001,114.639999,113.230003,113.669998
2014-12-30,114.989998,116.260002,114.900002,115.199997
2014-12-31,114.889999,115,113.279999,113.580002
2015-01-02,112.489998,114.800003,112.32,114.080002
2015-01-05,114.779999,116,114.730003,115.800003
2015-01-06,116.220001,117.5,115.800003,117.120003
2015-01-07,116.470001,116.879997,116.169998,116.43
2015-01-08,116.449997,116.870003,115.849998,115.940002
2015-01-09,116.510002,117.339996,116.5,117.260002
2015-01-12,117.459999,118.709999,117.32,118.559998
2015-01-13,118.959999,119.190002,117.870003,118.160004
2015-01-14,119.080002,119.32,117.900002,117.970001
2015-01-15,120.410004,121.699997,120.339996,120.940002
2015-01-16,121.730003,123.150002,121.709999,122.519997
2015-01-20,123.629997,124.599998,123.489998,124.199997
2015-01-21,125.18,125.339996,123.370003,124.230003
2015-01-22,125.07,125.580002,124.150002,125.230003
2015-01-23,124.43,124.5,123.349998,124.230003
2015-01-26,123.330002,123.339996,122.519997,122.989998
2015-01-27,123.559998,124.639999,123.510002,124.400002
2015-01-28,123.519997,123.889999,122.940002,123.419998
2015-01-29,121.989998,122.290001,120.260002,120.760002
2015-01-30,121.300003,123.550003,120.919998,123.449997
2015-02-02,121.839996,123.160004,121.82,122.419998
2015-02-03,121.739998,121.760002,120.559998,121.050003
2015-02-04,121.629997,122.220001,120.919998,121.580002
2015-02-05,120.980003,121.830002,120.610001,121.790001
2015-02-06,119.150002,119.519997,117.949997,118.639999
2015-02-09,118.830002,119.400002,118.769997,119.169998
2015-02-10,118.629997,119.059998,118.209999,118.470001
2015-02-11,118.489998,118.57,117,117.07
2015-02-12,117.68,117.82,117.089996,117.339996
2015-02-13,118.050003,118.580002,117.790001,117.980003
2015-02-17,116.400002,116.540001,115.580002,116.010002
2015-02-18,115.989998,116.529999,114.989998,116.339996
2015-02-19,116.400002,116.540001,115.739998,115.940002
2015-02-20,116.099998,116.459999,115.050003,115.279999
2015-02-23,115.110001,116.220001,115.07,115.43
2015-02-24,115,115.550003,114.290001,115.260002
2015-02-25,115.830002,115.889999,115.330002,115.699997
2015-02-26,116.540001,116.550003,115.830002,116.07
2015-02-27,116.739998,117.07,116.160004,116.160004
2015-03-02,116.5,116.639999,115.620003,115.68
2015-03-03,116.040001,116.610001,115.349998,115.470001
2015-03-04,115.699997,115.790001,115.019997,115.110001
2015-03-05,115.43,116.120003,114.839996,115
2015-03-06,113.169998,113.260002,111.699997,111.860001
2015-03-09,112.419998,112.620003,111.949997,111.970001
2015-03-10,112.089996,112.349998,111.220001,111.419998
2015-03-11,111.230003,111.25,110.160004,110.75
2015-03-12,111.150002,111.199997,110.25,110.720001
2015-03-13,111.099998,111.279999,110.510002,110.879997
2015-03-16,111.089996,111.209999,110.419998,110.809998
2015-03-17,109.919998,111.349998,109.769997,110.209999
2015-03-18,110.330002,112.870003,110.089996,112.370003
2015-03-19,111.849998,112.580002,111.580002,112.290001
2015-03-20,112.709999,114,112.669998,113.57
2015-03-23,113.699997,114.370003,113.489998,114.290001
2015-03-24,114.349998,114.650002,113.82,114.57
2015-03-25,115.110001,115.139999,114.650002,114.730003
2015-03-26,115.730003,115.839996,115.339996,115.480003
2015-03-27,115.139999,115.360001,114.449997,115.059998
2015-03-30,113.900002,114.010002,113.540001,113.75
2015-03-31,113.839996,114.279999,113.410004,113.660004
2015-04-01,114.559998,115.989998,114.540001,115.599998
2015-04-02,115.470001,115.720001,114.68,115.279999
2015-04-06,117.32,117.470001,116.519997,116.690002
2015-04-07,116.269997,116.510002,115.940002,116.110001
2015-04-08,115.980003,116.029999,114.900002,115.470001
2015-04-09,114.800003,114.849998,114.480003,114.669998
2015-04-10,116,116.190002,115.5,115.970001
2015-04-13,115.349998,115.389999,114.800003,115.139999
2015-04-14,114.690002,115.07,114.389999,114.440002
2015-04-15,114.800003,115.599998,114.470001,115.43
2015-04-16,115.550003,115.660004,114.639999,115.029999
2015-04-17,115.379997,115.790001,115.230003,115.599998
2015-04-20,114.82,114.949997,114.32,114.720001
2015-04-21,114.720001,115.559998,114.650002,115.379997
2015-04-22,114.830002,114.959999,113.769997,113.830002
2015-04-23,113.900002,114.959999,113.809998,114.660004
2015-04-24,113.959999,114.07,112.769997,113.050003
2015-04-27,113.870003,115.82,113.669998,115.330002
2015-04-28,115.360001,116.620003,115.339996,116.330002
2015-04-29,116.059998,116.389999,115.279999,115.510002
2015-04-30,113.879997,113.879997,112.959999,113.470001
2015-05-01,112.419998,113.309998,112.279999,113.080002
2015-05-04,114.18,114.440002,113.879997,114.099998
2015-05-05,114.889999,115.110001,114.389999,114.419998
2015-05-06,114.589996,114.75,114.019997,114.360001
2015-05-07,113.839996,114.010002,113.32,113.419998
2015-05-08,114.339996,114.43,113.589996,113.970001
2015-05-11,114.089996,114.309998,113.080002,113.529999
2015-05-12,114.099998,114.669998,114.059998,114.5
2015-05-13,115.739998,116.93,115.68,116.550003
2015-05-14,117.279999,117.75,117.029999,117.18
2015-05-15,116.800003,117.629997,116.68,117.529999
2015-05-18,117.779999,117.879997,117.269997,117.519997
2015-05-19,116.550003,116.730003,115.650002,115.889999
2015-05-20,116.029999,116.379997,115.760002,116.080002
2015-05-21,115.529999,116,115.470001,115.690002
2015-05-22,115.510002,115.93,115.32,115.599998
2015-05-26,113.839996,114.230003,113.699997,113.910004
2015-05-27,113.779999,114.010002,113.629997,113.889999
2015-05-28,113.849998,114.160004,113.209999,114.019997
2015-05-29,114.139999,114.480003,114,114.099998
2015-06-01,115.019997,115.5,113.900002,114
2015-06-02,114.360001,114.650002,114.169998,114.459999
2015-06-03,114.129997,114.370003,113.080002,113.639999
2015-06-04,112.980003,113.150002,112.480003,112.839996
2015-06-05,111.599998,112.389999,111.57,112.239998
2015-06-08,112.389999,112.660004,112.129997,112.57
2015-06-09,113.150002,113.230003,112.709999,112.82
2015-06-10,114.139999,114.139999,113.690002,113.779999
2015-06-11,113.269997,113.410004,112.919998,113.260002
2015-06-12,113.059998,113.5,112.959999,113.230003
2015-06-15,113.279999,114.150002,113.209999,113.730003
2015-06-16,113.080002,113.449997,112.790001,113.32
2015-06-17,113.07,114.040001,112.629997,113.849998
2015-06-18,115.190002,115.610001,114.889999,115.32
2015-06-19,115.339996,115.459999,114.949997,115.120003
2015-06-22,113.790001,113.940002,113.339996,113.639999
2015-06-23,112.959999,113.169998,112.790001,112.889999
2015-06-24,112.480003,112.739998,112.309998,112.589996
2015-06-25,112.43,112.709999,112.32,112.440002
2015-06-26,112.199997,112.68,112.129997,112.559998
2015-06-29,112.809998,113.230003,112.529999,113.07
2015-06-30,112.239998,113.050003,111.839996,112.370003
2015-07-01,112.120003,112.510002,111.940002,111.980003
2015-07-02,111.660004,111.839996,111.410004,111.760002
2015-07-06,111.709999,112.580002,111.629997,112.059998
2015-07-07,111.080002,111.139999,110.050003,110.760002
2015-07-08,111.379997,111.650002,111.080002,111.089996
2015-07-09,111.800003,111.93,111.150002,111.360001
2015-07-10,111.18,111.709999,111.029999,111.489998
2015-07-13,110.43,111.139999,110.360001,110.989998
2015-07-14,111,111.080002,110.629997,110.739998
2015-07-15,110,110.190002,109.580002,110.160004
2015-07-16,109.669998,110.010002,109.599998,109.760002
2015-07-17,109.110001,109.160004,108.400002,108.650002
2015-07-20,106.599998,106.650002,105.620003,105.699997
2015-07-21,105.809998,106.32,105.25,105.370003
2015-07-22,104.389999,105.089996,104.18,104.800003
2015-07-23,104.980003,105.300003,104.199997,104.330002
2015-07-24,103.610001,105.589996,103.43,105.349998
2015-07-27,104.940002,105.68,104.660004,104.860001
2015-07-28,105.089996,105.330002,104.830002,105.019997
2015-07-29,104.93,105.629997,104.489998,105.169998
2015-07-30,104.029999,104.970001,103.860001,104.269997
2015-07-31,105.410004,105.75,104.690002,104.93
2015-08-03,104.589996,104.82,104.050003,104.099998
2015-08-04,104.559998,104.75,103.949997,104.309998
2015-08-05,104.419998,104.5,103.779999,103.93
2015-08-06,104.150002,104.860001,104.139999,104.389999
2015-08-07,104.559998,105.379997,104.550003,104.650002
2015-08-10,105.029999,106.269997,104.919998,105.720001
2015-08-11,106.489998,106.629997,105.769997,106.260002
2015-08-12,106.989998,107.910004,106.93,107.75
2015-08-13,106.949997,107.18,106.709999,106.860001
2015-08-14,107.07,107.410004,106.540001,106.849998
2015-08-17,107.370003,107.510002,107,107.129997
2015-08-18,106.669998,107.330002,106.309998,107.110001
2015-08-19,107.629997,108.669998,107.629997,108.550003
2015-08-20,109.809998,110.610001,109.699997,110.440002
2015-08-21,110.93,111.330002,110.120003,111.129997
2015-08-24,111.540001,112.120003,109.769997,110.529999
2015-08-25,110.010002,110.050003,108.720001,109.160004
2015-08-26,107.720001,108.059998,107.080002,107.669998
2015-08-27,107.330002,108.040001,107.110001,107.730003
2015-08-28,108.169998,109.300003,108.120003,108.699997
2015-08-31,108.190002,108.919998,108.029999,108.82
2015-09-01,109.629997,109.769997,108.940002,109.199997
2015-09-02,109.010002,109.339996,108.459999,108.620003
2015-09-03,107.769997,108.32,107.559998,107.839996
2015-09-04,107.139999,107.559998,107.07,107.489998
2015-09-08,107.599998,107.940002,107.309998,107.519997
2015-09-09,106.639999,106.709999,105.480003,106.129997
2015-09-10,106.610001,106.699997,106.18,106.379997
2015-09-11,105.650002,106.199997,105.269997,106.160004
2015-09-14,105.860001,106.389999,105.779999,106.220001
2015-09-15,105.830002,106.059998,105.68,105.900002
2015-09-16,106.599998,107.709999,106.559998,107.309998
2015-09-17,107.07,108.580002,106.959999,108.410004
2015-09-18,109.099998,109.379997,108.82,109.209999
2015-09-21,108.489998,108.660004,108.330002,108.529999
2015-09-22,107.580002,107.959999,107.440002,107.790001
2015-09-23,108.540001,108.639999,108.199997,108.220001
2015-09-24,109.669998,110.82,109.629997,110.489998
2015-09-25,109.870003,110.029999,109.550003,109.809998
2015-09-28,108.370003,108.910004,108.269997,108.419998
2015-09-29,108.239998,108.690002,107.879997,107.980003
2015-09-30,106.779999,107.080002,106.470001,106.860001
2015-10-01,106.980003,107.209999,106.629997,106.730003
2015-10-02,108.540001,109.32,108.540001,108.989998
2015-10-05,109.139999,109.379997,108.459999,108.769997
2015-10-06,109.800003,110.260002,109.629997,109.860001
2015-10-07,109.75,110.139999,109.339996,109.699997
2015-10-08,109.160004,110.269997,109.059998,109.139999
2015-10-09,110.540001,111.050003,110.230003,110.870003
2015-10-12,111.669998,111.730003,111.010002,111.309998
2015-10-13,111.360001,111.870003,111.279999,111.860001
2015-10-14,112.629997,113.949997,112.300003,113.809998
2015-10-15,113.199997,113.989998,112.940002,113.290001
2015-10-16,113.239998,113.440002,112.43,112.489998
2015-10-19,112.639999,112.690002,111.889999,112.019997
2015-10-20,112.379997,113.089996,112.379997,112.730003
2015-10-21,112.370003,112.370003,111.410004,111.730003
2015-10-22,111.519997,112.209999,111.43,111.690002
2015-10-23,111.809998,111.839996,110.959999,111.5
2015-10-26,111.730003,111.980003,111.330002,111.43
2015-10-27,111.309998,111.809998,111.290001,111.68
2015-10-28,112.68,113.25,110.309998,110.779999
2015-10-29,110.230003,110.599998,109.660004,109.720001
2015-10-30,109.5,109.580002,109.059998,109.300003
2015-11-02,108.639999,108.839996,108.459999,108.589996
2015-11-03,107.790001,107.809998,106.68,106.980003
2015-11-04,107.019997,107.089996,105.919998,105.970001
2015-11-05,106.010002,106.099998,105.580002,105.639999
2015-11-06,104.169998,104.419998,104.019997,104.099998
2015-11-09,104.290001,104.580002,104.190002,104.400002
2015-11-10,104.089996,104.650002,103.870003,104.18
2015-11-11,104.089996,104.230003,103.779999,103.830002
2015-11-12,103.089996,104.32,103.040001,103.849998
2015-11-13,103.540001,103.739998,103.449997,103.559998
2015-11-16,103.980003,104.029999,103.519997,103.709999
2015-11-17,103.379997,103.400002,101.980003,102.339996
2015-11-18,102.389999,102.949997,102.040001,102.43
2015-11-19,103.07,104.089996,103.07,103.559998
2015-11-20,103.580002,103.660004,102.970001,103.089996
2015-11-23,102.480003,102.75,102.160004,102.260002
2015-11-24,103.120003,103.25,102.690002,102.940002
2015-11-25,102.470001,102.690002,102.209999,102.459999
2015-11-27,101.010002,101.620003,100.989998,101.25
2015-11-30,101.529999,102.379997,101.519997,101.919998
2015-12-01,102.300003,102.43,101.809998,102.279999
2015-12-02,101.349998,101.349998,100.529999,100.690002
2015-12-03,101.230003,101.970001,100.849998,101.760002
2015-12-04,102.739998,104.209999,102.650002,104.019997
2015-12-07,103.32,103.370003,102.5,102.669998
2015-12-08,103.129997,103.260002,102.529999,102.839996
2015-12-09,103.629997,103.660004,102.32,102.639999
2015-12-10,102.510002,102.830002,102.339996,102.550003
2015-12-11,101.910004,103.32,101.849998,103.110001
2015-12-14,102.580002,102.720001,101.739998,101.790001
2015-12-15,101.709999,102.059998,101.410004,101.519997
2015-12-16,102.589996,103.199997,101.660004,102.75
2015-12-17,100.919998,100.989998,100.230003,100.5
2015-12-18,101.349998,102.529999,101.300003,102.040001
2015-12-21,102.949997,103.519997,102.830002,103.150002
2015-12-22,103.089996,103.199997,102.559998,102.610001
2015-12-23,102.400002,102.589996,102.209999,102.309998
2015-12-24,102.82,103.050003,102.769997,103.050003
2015-12-28,102.480003,102.599998,102.029999,102.269997
2015-12-29,102.519997,102.580002,102.110001,102.199997
2015-12-30,101.470001,101.599998,101.349998,101.419998
2015-12-31,101.480003,101.720001,101.309998,101.459999
2016-01-04,103.129997,103.669998,102.489998,102.889999
2016-01-05,103.129997,103.459999,102.93,103.18
2016-01-06,104.370003,104.800003,103.93,104.669998
2016-01-07,105.830002,106.239998,105.190002,106.150002
2016-01-08,105.480003,105.800003,105.040001,105.68
2016-01-11,105.470001,105.57,104.709999,104.739998
2016-01-12,104.089996,104.589996,103.650002,104.209999
2016-01-13,103.889999,104.82,103.779999,104.720001
2016-01-14,103.75,104.18,102.5,103.019997
2016-01-15,104.919998,104.959999,103.970001,104.080002
2016-01-19,104.059998,104.449997,103.650002,103.980003
2016-01-20,105.169998,106.160004,104.940002,105.370003
2016-01-21,104.989998,105.489998,104.519997,105.489998
2016-01-22,104.93,105.510002,104.760002,105
2016-01-25,105.760002,106.089996,105.599998,106.080002
2016-01-26,106.32,107.43,106.260002,107.290001
2016-01-27,106.860001,107.93,106.650002,107.690002
2016-01-28,106.550003,106.860001,106.480003,106.540001
2016-01-29,106.610001,107,106.260002,106.949997
2016-02-01,107.540001,108.150002,107.529999,108.050003
2016-02-02,107.919998,108.18,107.349998,108.089996
2016-02-03,107.910004,109.580002,107.900002,109.25
2016-02-04,110.449997,110.699997,109.919998,110.57
2016-02-05,109.790001,112.349998,109.580002,112.32
2016-02-08,113.669998,114.870003,113.389999,113.830002
2016-02-09,114.43,114.690002,113.550003,113.580002
2016-02-10,113.919998,114.519997,112.980003,114.459999
2016-02-11,118.589996,120.839996,117.769997,119.059998
2016-02-12,118.120003,118.739998,117.879997,118.360001
2016-02-16,116,116.309998,114.739998,114.769997
2016-02-17,115.470001,116.07,114.889999,115.480003
2016-02-18,115.300003,118.599998,115.290001,118.290001
2016-02-19,117.260002,117.970001,117.099998,117.580002
2016-02-22,115.440002,116.190002,115.410004,115.489998
2016-02-23,116.68,117.419998,116.519997,117.220001
2016-02-24,119,119.860001,117.349998,117.610001
2016-02-25,117.620003,118.910004,117.540001,117.919998
2016-02-26,117.43,117.720001,115.860001,117.110001
2016-02-29,117.589996,118.699997,117.529999,118.639999
2016-03-01,118.739998,119.110001,117.339996,117.769997
2016-03-02,118.339996,118.970001,118.07,118.68
2016-03-03,118.860001,121.300003,118.809998,120.730003
2016-03-04,121.129997,122.370003,120.220001,120.540001
2016-03-07,121.18,121.580002,120.410004,121.139999
2016-03-08,121.790001,121.879997,120.470001,120.580002
2016-03-09,119.199997,120.389999,118.839996,119.580002
2016-03-10,120.5,121.760002,120.419998,121.5
2016-03-11,121.190002,121.389999,119.360001,119.410004
2016-03-14,120.269997,120.309998,117.5,117.870003
2016-03-15,117.779999,118.040001,117.360001,117.959999
2016-03-16,117.419998,120.760002,117.339996,120.589996
2016-03-17,121.160004,121.18,120.029999,120.129997
2016-03-18,119.589996,120.339996,119.510002,119.800003
2016-03-21,119,119.330002,118.730003,118.959999
2016-03-22,119.730003,120.160004,118.959999,119.309998
2016-03-23,116.739998,117.120003,116.160004,116.610001
2016-03-24,116.769997,116.940002,116.300003,116.330002
2016-03-28,116.730003,116.910004,116.269997,116.599998
2016-03-29,117.360001,118.809998,116.800003,118.760002
2016-03-30,117.879997,118.199997,116.910004,117.099998
2016-03-31,118.160004,118.389999,117.599998,117.639999
2016-04-01,116.080002,116.980003,115.550003,116.93
2016-04-04,116.669998,116.730003,116.07,116.150002
2016-04-05,117.760002,117.93,117.150002,117.660004
2016-04-06,116.699997,117.389999,116.260002,116.940002
2016-04-07,118.650002,118.849998,115,118.610001
2016-04-08,118.07,118.769997,117.980003,118.43
2016-04-11,119.470001,120.300003,119.419998,120.029999
2016-04-12,120.230003,120.349998,119.550003,120.050003
2016-04-13,119.370003,119.43,118.559998,118.769997
2016-04-14,118.089996,118.190002,116.949997,117.110001
2016-04-15,117.330002,118.120003,117.190002,117.919998
2016-04-18,118.529999,118.559998,117.629997,117.739998
2016-04-19,119.870003,120.089996,119.370003,119.580002
2016-04-20,119.669998,120.080002,118.720001,118.970001
2016-04-21,120.419998,120.550003,119.129997,119.419998
2016-04-22,118.709999,119.019997,117.279999,117.889999
2016-04-25,118.139999,118.709999,118.110001,118.230003
2016-04-26,118.790001,118.889999,118.449997,118.699997
2016-04-27,118.970001,119.699997,118.43,119.040001
2016-04-28,119.919998,121.419998,119.730003,121.290001
2016-04-29,122.43,123.93,122.339996,123.650002
2016-05-02,123.779999,123.959999,123.050003,123.239998
2016-05-03,123.730003,123.82,122.510002,122.959999
2016-05-04,122.849998,123.230003,121.510002,122.209999
2016-05-05,122.629997,122.730003,121.25,122.07
2016-05-06,122.830002,123.809998,122.589996,123.18
2016-05-09,121.199997,121.290001,120.589996,120.650002
2016-05-10,120.739998,121.379997,120.080002,120.980003
2016-05-11,121.849998,122.160004,121.379997,122.120003
2016-05-12,122.019997,122.389999,121,121.160004
2016-05-13,121.089996,121.860001,120.660004,121.709999
2016-05-16,122.93,122.970001,121.379997,121.800003
2016-05-17,121.580002,122.519997,121.480003,122.220001
2016-05-18,121.220001,121.919998,119.879997,120.099998
2016-05-19,119,119.980003,118.919998,119.870003
2016-05-20,120.190002,120.32,119.309998,119.709999
2016-05-23,118.860001,119.599998,118.75,119.370003
2016-05-24,118.169998,118.230003,117.25,117.300003
2016-05-25,116.589996,117.059998,116.32,116.980003
2016-05-26,117.57,117.629997,116.389999,116.580002
2016-05-27,116.269997,116.360001,115.290001,115.620003
2016-05-31,115.760002,116.400002,115.5,116.059998
2016-06-01,115.970001,116.139999,115.199997,115.940002
2016-06-02,115.779999,115.970001,115.580002,115.669998
2016-06-03,118.25,118.889999,118.230003,118.879997
2016-06-06,118.889999,119.169998,118.459999,118.919998
2016-06-07,118.5,119.019997,118.410004,118.82
2016-06-08,120.300003,120.779999,120.230003,120.580002
2016-06-09,120.610001,121.480003,120.550003,121.25
2016-06-10,121.550003,122.099998,121.18,121.739998
2016-06-13,122.800003,122.830002,122.029999,122.639999
2016-06-14,123,123.059998,122.300003,122.769997
2016-06-15,122.519997,123.870003,122.379997,123.68
2016-06-16,125.169998,125.669998,122.230003,122.379997
2016-06-17,123.260002,124.099998,122.690002,123.949997
2016-06-20,122.260002,123.330002,122.129997,123.209999
2016-06-21,121.650002,121.860001,120.769997,120.839996
2016-06-22,120.830002,121.25,120.68,120.900002
2016-06-23,120.489998,121.029999,120.059998,120.110001
2016-06-24,126.620003,126.82,125,126
2016-06-27,126.440002,127.050003,125.830002,126.68
2016-06-28,125.559998,126.019997,125.059998,125.32
2016-06-29,125.910004,126.809998,125.699997,125.839996
2016-06-30,125.949997,126.519997,125.5,126.470001
2016-07-01,127.660004,128.419998,127.440002,128.410004
2016-07-05,128.800003,129.589996,128.169998,129.470001
2016-07-06,130.5,131.149994,129.820007,130.229996
2016-07-07,129.820007,130.119995,128.979996,129.740005
2016-07-08,129.850006,130.520004,128.970001,130.520004
2016-07-11,129.490005,129.899994,129.160004,129.289993
2016-07-12,128.520004,128.539993,126.989998,127.150002
2016-07-13,128,128.429993,127.610001,128.320007
2016-07-14,126.309998,127.370003,126.029999,127.330002
2016-07-15,126.379997,127.190002,126.330002,126.839996
2016-07-18,127.019997,127.5,126.629997,127.040001
2016-07-19,126.949997,127.349998,126.82,127.209999
2016-07-20,125.5,126.120003,125.309998,125.389999
2016-07-21,125.660004,127.370003,125.599998,127.300003
2016-07-22,126.43,126.519997,126.010002,126.349998
2016-07-25,125.529999,126.209999,125.110001,125.470001
2016-07-26,126.089996,126.139999,125.75,126
2016-07-27,126.790001,128.119995,126.040001,128.029999
2016-07-28,128.089996,128.199997,127.209999,127.660004
2016-07-29,128.419998,129.410004,127.879997,128.979996
2016-08-01,128.570007,129.339996,128.559998,129.220001
2016-08-02,130.039993,130.550003,129.940002,130.270004
2016-08-03,129.949997,129.960007,129.270004,129.649994
2016-08-04,130.009995,130.279999,129.820007,129.869995
2016-08-05,128.460007,128.550003,127.389999,127.550003
2016-08-08,127.290001,127.699997,127.269997,127.440002
2016-08-09,127.940002,128.139999,127.75,127.959999
2016-08-10,129.119995,129.199997,128.149994,128.559998
2016-08-11,128.610001,129.190002,127.480003,127.669998
2016-08-12,127.669998,129.259995,127.199997,127.400002
2016-08-15,127.620003,128.25,127.599998,127.839996
2016-08-16,128.119995,129.039993,128,128.470001
2016-08-17,128.169998,128.990005,127.459999,128.5
2016-08-18,128.889999,129.169998,128.580002,129.110001
2016-08-19,128.080002,128.669998,127.860001,127.970001
2016-08-22,127.629997,127.919998,127.449997,127.779999
2016-08-23,128.139999,128.220001,127.610001,127.760002
2016-08-24,126.919998,126.970001,126.300003,126.339996
2016-08-25,125.980003,126.309998,125.959999,126.230003
2016-08-26,126.879997,128.110001,125.82,126.050003
2016-08-29,126,126.480003,125.93,126.300003
2016-08-30,125.730003,125.949997,124.879997,125.029999
2016-08-31,124.730003,125.110001,124.639999,124.779999
2016-09-01,124.669998,125.510002,124.550003,125.290001
2016-09-02,126.290001,126.57,125.580002,126.57
2016-09-06,127.400002,129.080002,127.269997,128.710007
2016-09-07,128.789993,128.860001,128.119995,128.270004
2016-09-08,128.160004,128.520004,127.400002,127.589996
2016-09-09,127.239998,127.510002,126.699997,126.75
2016-09-12,126.309998,126.919998,125.970001,126.589996
2016-09-13,126.470001,126.599998,125.529999,125.75
2016-09-14,126.099998,126.540001,126.029999,126.18
2016-09-15,125.730003,126.099998,124.910004,125.370003
2016-09-16,124.809998,125.25,124.669998,125.059998
2016-09-19,125.610001,125.620003,125.25,125.32
2016-09-20,125.309998,125.589996,125.169998,125.440002
2016-09-21,126.330002,127.419998,125.959999,127.269997
2016-09-22,127.57,128.199997,127.5,127.57
2016-09-23,127.599998,127.860001,127.43,127.650002
2016-09-26,127.959999,128.039993,127.419998,127.550003
2016-09-27,126.860001,126.900002,126.339996,126.620003
2016-09-28,126.25,126.400002,125.730003,126.220001
2016-09-29,125.839996,126.339996,125.540001,126.07
2016-09-30,126.519997,126.550003,125.239998,125.639999
2016-10-03,125.32,125.459999,124.900002,125.32
2016-10-04,123.160004,123.18,120.860001,120.970001
2016-10-05,121.330002,121.589996,120.400002,120.779999
2016-10-06,119.690002,119.980003,119.239998,119.660004
2016-10-07,120.489998,120.580002,118.419998,119.739998
2016-10-10,119.739998,120.419998,119.739998,120.160004
2016-10-11,119.919998,120.160004,119.529999,119.550003
2016-10-12,119.720001,120.07,119.290001,119.739998
2016-10-13,120,120.419998,119.800003,120.029999
2016-10-14,119.370003,120.160004,119.290001,119.360001
2016-10-17,119.699997,119.919998,119.580002,119.68
2016-10-18,120.080002,120.639999,119.82,120.419998
2016-10-19,121.129997,121.459999,120.889999,121.110001
2016-10-20,121.389999,121.589996,120.629997,120.739998
2016-10-21,120.900002,120.93,120.550003,120.830002
2016-10-24,121.279999,121.300003,120.160004,120.559998
2016-10-25,120.889999,121.760002,120.860001,121.470001
2016-10-26,121.370003,121.529999,120.610001,120.790001
2016-10-27,121.110001,121.18,120.75,121.010002
2016-10-28,121.199997,122.480003,120.809998,121.580002
2016-10-31,121.510002,122,121.230003,121.940002
2016-11-01,122.800003,123.209999,122.57,122.730003
2016-11-02,123.760002,124.760002,123.559998,123.639999
2016-11-03,123.360001,124.330002,123.349998,124.300003
2016-11-04,124.400002,124.540001,124.040001,124.389999
2016-11-07,122.660004,122.709999,121.879997,122.150002
2016-11-08,122.120003,123.089996,121.360001,121.639999
2016-11-09,124.300003,124.349998,121.110001,121.559998
2016-11-10,121.519997,121.540001,119.379997,119.75
2016-11-11,119.650002,119.690002,116.230003,117.099998
2016-11-14,116.120003,117.139999,115.489998,116.110001
2016-11-15,116.459999,117.239998,116.290001,117.120003
2016-11-16,117.269997,117.269997,116.580002,116.769997
2016-11-17,116.910004,117.220001,115.440002,116.169998
2016-11-18,115.519997,115.769997,114.959999,115.150002
2016-11-21,115.720001,115.940002,115.290001,115.580002
2016-11-22,115.720001,115.790001,114.980003,115.540001
2016-11-23,113.870003,113.879997,112.650002,113.25
2016-11-25,113.419998,113.510002,112.349998,112.610001
2016-11-28,113.230003,113.839996,112.769997,113.800003
2016-11-29,112.760002,113.480003,112.690002,113.269997
2016-11-30,112.690002,112.790001,111.5,111.75
2016-12-01,111.110001,111.989998,110.629997,111.540001
2016-12-02,111.889999,112.32,111.779999,112.139999
2016-12-05,111.150002,112.110001,110.309998,111.540001
2016-12-06,111.690002,112.029999,111.190002,111.43
2016-12-07,112.129997,112.5,111.769997,111.830002
2016-12-08,111.720001,111.870003,111.459999,111.57
2016-12-09,111.18,111.25,110.190002,110.400002
2016-12-12,110.589996,111.110001,110.269997,110.82
2016-12-13,110.57,110.790001,110.059998,110.449997
2016-12-14,110.949997,110.980003,108.519997,108.830002
2016-12-15,107.849998,107.989998,107,107.339996
2016-12-16,107.949997,108.779999,107.480003,108.050003
2016-12-19,108.599998,108.879997,108.339996,108.589996
2016-12-20,107.470001,108,107.290001,107.790001
2016-12-21,108.25,108.309998,107.68,107.849998
2016-12-22,107.68,108.099998,107.489998,107.589996
2016-12-23,107.839996,108.25,107.800003,107.93
2016-12-27,108.610001,108.669998,108.239998,108.559998
2016-12-28,108.400002,108.910004,108.290001,108.860001
2016-12-29,109.230003,110.529999,109.160004,110.290001
2016-12-30,110.379997,110.620003,109.529999,109.610001
2017-01-03,109.620003,111,109.370003,110.470001
2017-01-04,111.059998,111.220001,110.610001,110.860001
2017-01-05,112.160004,112.940002,112.07,112.580002
2017-01-06,111.809998,112.379997,111.57,111.75
2017-01-09,112.389999,113.040001,112.18,112.669998
2017-01-10,112.940002,113.449997,112.639999,113.150002
2017-01-11,112.870003,114.190002,112.169998,113.5
2017-01-12,114.519997,114.93,113.809998,113.910004
2017-01-13,113.650002,114.309998,113.190002,114.209999
2017-01-17,115.889999,115.959999,115.5,115.849998
2017-01-18,115.739998,115.919998,114.559998,114.870003
2017-01-19,114.32,114.959999,113.940002,114.769997
2017-01-20,114.650002,115.760002,114.32,115.050003
2017-01-23,115.510002,116.169998,115.199997,115.790001
2017-01-24,115.690002,116.019997,114.940002,115.269997
2017-01-25,114.139999,114.440002,113.68,114.32
2017-01-26,113.239998,113.510002,112.830002,113.260002
2017-01-27,112.93,113.550003,112.809998,113.489998
2017-01-30,113.610001,114.300003,113.540001,113.970001
2017-01-31,115.269997,115.82,115.18,115.550003
2017-02-01,114.660004,115.449997,114.139999,115.199997
2017-02-02,116.260002,116.57,115.629997,115.839996
2017-02-03,115.730003,116.370003,115.709999,116.129997
2017-02-06,117.07,117.739998,116.739998,117.699997
2017-02-07,117.309998,117.739998,117.199997,117.459999
2017-02-08,118.089996,118.589996,117.809998,118.190002
2017-02-09,118.190002,118.580002,117.199997,117.290001
2017-02-10,116.68,117.860001,116.669998,117.599998
2017-02-13,116.730003,116.949997,116.150002,116.800003
2017-02-14,117.510002,117.559998,116.379997,116.93
2017-02-15,116.330002,117.480003,116.25,117.449997
2017-02-16,117.93,118.349998,117.830002,118.080002
2017-02-17,118.190002,118.400002,117.620003,117.68
2017-02-21,117.040001,118,116.769997,117.75
2017-02-22,117.860001,118.019997,117.239998,117.910004
2017-02-23,118.760002,119.160004,118.68,118.940002
2017-02-24,119.739998,119.879997,119.25,119.699997
2017-02-27,119.730003,120.400002,119.120003,119.120003
2017-02-28,119.709999,119.839996,118.82,119.230003
2017-03-01,117.980003,119.120003,117.949997,119.059998
2017-03-02,117.760002,118.339996,117.230003,117.580002
2017-03-03,116.949997,117.730003,116.440002,117.510002
2017-03-06,117.349998,117.349998,116.629997,116.720001
2017-03-07,116.129997,116.25,115.620003,115.779999
2017-03-08,114.989998,115.360001,114.949997,115.059998
2017-03-09,114.779999,115.029999,114.410004,114.470001
2017-03-10,114.449997,114.730003,114.129997,114.720001
2017-03-13,114.629997,114.910004,114.510002,114.739998
2017-03-14,114.540001,115.010002,114.029999,114.120003
2017-03-15,114.290001,116.25,114.019997,116.25
2017-03-16,117.269997,117.290001,116.690002,116.730003
2017-03-17,117.040001,117.269997,116.910004,116.989998
2017-03-20,117.309998,117.599998,117.209999,117.510002
2017-03-21,117.769997,118.800003,117.760002,118.540001
2017-03-22,118.870003,119.150002,118.68,118.830002
2017-03-23,119.150002,119.25,118.32,118.669998
2017-03-24,118.5,119.209999,118.389999,118.860001
2017-03-27,119.93,120.080002,119.269997,119.529999
2017-03-28,119.739998,119.830002,118.779999,119.040001
2017-03-29,119.220001,119.449997,119.050003,119.330002
2017-03-30,118.769997,119.120003,118.32,118.470001
2017-03-31,118.610001,119.080002,118.459999,118.720001
2017-04-03,118.690002,119.370003,118.669998,119.349998
2017-04-04,119.589996,119.769997,119.379997,119.620003
2017-04-05,118.620003,119.629997,118.400002,119.620003
2017-04-06,119.220001,119.419998,118.980003,119.18
2017-04-07,120.300003,120.669998,119.139999,119.459999
2017-04-10,119.040001,119.690002,118.849998,119.459999
2017-04-11,120.330002,121.400002,120.290001,121.190002
2017-04-12,121.379997,122.220001,121.139999,122.019997
2017-04-13,122.540001,122.650002,122.029999,122.599998
2017-04-17,122.550003,123.07,121.989998,122.239998
2017-04-18,122.43,123.029999,121.730003,122.82
2017-04-19,122.25,122.260002,121.279999,121.730003
2017-04-20,121.82,122.169998,121.5,121.959999
2017-04-21,122.139999,122.610001,121.730003,122.309998
2017-04-24,120.769997,121.510002,120.660004,121.480003
2017-04-25,120.529999,120.870003,120.050003,120.25
2017-04-26,120.209999,120.959999,119.870003,120.839996
2017-04-27,120.419998,120.599998,119.970001,120.389999
2017-04-28,120.339996,120.769997,120.269997,120.769997
2017-05-01,120.209999,120.75,119.349998,119.669998
2017-05-02,119.300003,119.650002,119.239998,119.650002
2017-05-03,119.18,119.339996,117.919998,117.980003
2017-05-04,116.809998,117.279999,116.629997,116.790001
2017-05-05,116.860001,117.07,116.68,117.010002
2017-05-08,117.029999,117.139999,116.68,116.75
2017-05-09,116.18,116.239998,115.559998,116.050003
2017-05-10,116.419998,116.5,115.860001,116.040001
2017-05-11,116.209999,116.849998,116.190002,116.5
2017-05-12,117.07,117.160004,116.730003,116.830002
2017-05-15,117.519997,117.540001,116.989998,117.139999
2017-05-16,117.449997,117.910004,117.400002,117.650002
2017-05-17,119.360001,120.019997,119.269997,119.790001
2017-05-18,119.769997,119.839996,118.559998,118.809998
2017-05-19,119.389999,119.550003,118.879997,119.400002
2017-05-22,119.629997,120.139999,119.580002,119.900002
2017-05-23,120.129997,120.190002,118.980003,119.139999
2017-05-24,119.07,119.739998,118.919998,119.610001
2017-05-25,119.519997,119.699997,119.290001,119.480003
2017-05-26,120.489998,120.790001,120.330002,120.540001
2017-05-30,120.239998,120.330002,119.949997,120.139999
2017-05-31,120.309998,121.230003,120.260002,120.620003
2017-06-01,120.169998,120.739998,120.059998,120.720001
2017-06-02,121.309998,121.709999,121.190002,121.610001
2017-06-05,121.910004,121.940002,121.580002,121.730003
2017-06-06,123.089996,123.309998,122.769997,123.099998
2017-06-07,122.790001,123.160004,122.019997,122.449997
2017-06-08,122.07,122.080002,120.949997,121.650002
2017-06-09,120.459999,120.910004,120.400002,120.540001
2017-06-12,120.330002,120.690002,120.269997,120.360001
2017-06-13,119.949997,120.709999,119.919998,120.480003
2017-06-14,121.510002,121.879997,119.57,119.82
2017-06-15,119.220001,119.5,119.129997,119.32
2017-06-16,119.349998,119.5,119.239998,119.339996
2017-06-19,118.739998,118.839996,118.330002,118.43
2017-06-20,118.419998,118.459999,118.07,118.18
2017-06-21,118.150002,118.660004,118.150002,118.519997
2017-06-22,119.129997,119.199997,118.599998,118.919998
2017-06-23,119.650002,119.660004,119.309998,119.43
2017-06-26,118.290001,118.540001,118.169998,118.360001
2017-06-27,118.870003,119.050003,118.480003,118.809998
2017-06-28,119.059998,119.059998,118.690002,118.900002
2017-06-29,117.970001,118.639999,117.910004,118.32
2017-06-30,118.080002,118.410004,117.949997,118.019997
2017-07-03,116.540001,116.849998,115.940002,116.089996
2017-07-05,115.910004,116.669998,115.870003,116.519997
2017-07-06,116.580002,116.610001,116.239998,116.470001
2017-07-07,115.779999,115.790001,114.800003,115.279999
2017-07-10,115.019997,115.57,114.830002,115.470001
2017-07-11,115.260002,115.769997,114.879997,115.620003
2017-07-12,116.209999,116.330002,115.870003,116.029999
2017-07-13,116.040001,116.040001,115.669998,115.82
2017-07-14,117.040001,117.25,116.639999,116.769997
2017-07-17,117.419998,117.529999,117.230003,117.290001
2017-07-18,117.989998,118.330002,117.879997,118.110001
2017-07-19,118.18,118.269997,117.839996,118.080002
2017-07-20,117.919998,118.620003,117.660004,118.239998
2017-07-21,119,119.389999,118.75,119.260002
2017-07-24,119.519997,119.580002,119.18,119.309998
2017-07-25,118.989998,119.32,118.790001,118.919998
2017-07-26,118.57,120.150002,118.550003,119.879997
2017-07-27,120.099998,120.139999,119.279999,119.790001
2017-07-28,120.150002,120.860001,120.139999,120.690002
2017-07-31,120.5,120.809998,120.449997,120.75
2017-08-01,120.440002,121.139999,120.440002,120.650002
2017-08-02,120.510002,121.019997,120.339996,120.400002
2017-08-03,120.309998,120.830002,120.309998,120.589996
2017-08-04,119.970001,120.040001,119.220001,119.650002
2017-08-07,119.43,119.790001,119.43,119.510002
2017-08-08,120.019997,120.120003,118.970001,119.860001
2017-08-09,121.019997,121.550003,120.760002,121.309998
2017-08-10,122.080002,122.440002,122.029999,122.209999
2017-08-11,122.239998,122.830002,122.029999,122.790001
2017-08-14,121.980003,122.239998,121.68,121.919998
2017-08-15,120.599998,121.230003,120.580002,120.980003
2017-08-16,120.660004,122.059998,120.660004,121.870003
2017-08-17,122.290001,122.610001,121.760002,122.489998
2017-08-18,123.370003,123.540001,122,122.300003
2017-08-21,122.540001,122.980003,122.5,122.760002
2017-08-22,122.559998,122.559998,121.849998,122.209999
2017-08-23,122.580002,122.690002,122.309998,122.669998
2017-08-24,122.389999,122.639999,122.129997,122.290001
2017-08-25,122.769997,123.019997,121.290001,122.739998
2017-08-28,123.330002,124.730003,123.330002,124.690002
2017-08-29,125.809998,125.870003,124.050003,124.419998
2017-08-30,124.330002,124.620003,124.160004,124.360001
2017-08-31,124.580002,125.839996,124.550003,125.82
2017-09-01,126.010002,126.169998,125.120003,126.059998
2017-09-05,126.650002,127.779999,126.57,127.459999
2017-09-06,127.339996,127.440002,126.550003,126.809998
2017-09-07,127.559998,128.320007,127.389999,128.130005
2017-09-08,128.210007,128.300003,127.589996,127.970001
2017-09-11,126.739998,126.940002,126.050003,126.190002
2017-09-12,126.029999,126.589996,125.940002,126.559998
2017-09-13,126.400002,126.449997,125.5,125.610001
2017-09-14,125.660004,126.440002,125.620003,126.160004
2017-09-15,125.989998,125.989998,125.410004,125.529999
2017-09-18,124.709999,124.760002,123.970001,124.360001
2017-09-19,124.489998,124.650002,124.029999,124.620003
2017-09-20,124.68,125.059998,123.150002,123.620003
2017-09-21,122.559998,123.07,122.489998,122.68
2017-09-22,123.029999,123.389999,122.93,123.239998
2017-09-25,122.779999,124.660004,122.709999,124.529999
2017-09-26,123.57,123.809998,122.900002,123.139999
2017-09-27,122.040001,122.510002,121.879997,121.980003
2017-09-28,122.040001,122.480003,121.830002,122.209999
2017-09-29,122.290001,122.300003,121.550003,121.580002
2017-10-02,121.169998,121.339996,120.739998,120.769997
2017-10-03,120.720001,121.099998,120.699997,120.830002
2017-10-04,121.209999,121.269997,120.709999,121.169998
2017-10-05,121.150002,121.239998,120.400002,120.519997
2017-10-06,120.260002,121.209999,119.779999,121.089996
2017-10-09,121.639999,122.110001,121.550003,122.080002
2017-10-10,122.620003,122.970001,122.360001,122.400002
2017-10-11,122.57,122.879997,122.029999,122.790001
2017-10-12,122.839996,123.040001,122.5,122.889999
2017-10-13,123.660004,123.860001,123.339996,123.82
2017-10-16,123.82,123.970001,122.57,122.970001
2017-10-17,122.029999,122.32,121.730003,122.129997
2017-10-18,121.709999,121.940002,121.550003,121.669998
2017-10-19,122.199997,122.550003,122.110001,122.389999
2017-10-20,121.68,121.980003,121.389999,121.610001
2017-10-23,120.980003,121.900002,120.959999,121.800003
2017-10-24,121.260002,121.709999,120.980003,121.330002
2017-10-25,121.309998,121.589996,120.839996,121.349998
2017-10-26,121.160004,121.160004,120.220001,120.330002
2017-10-27,120.379997,120.989998,120.209999,120.900002
2017-10-30,120.379997,121.470001,120.379997,121.129997
2017-10-31,120.82,120.839996,120.379997,120.669998
2017-11-01,120.980003,121.550003,120.839996,121.110001
2017-11-02,121.290001,121.959999,121.050003,121.190002
2017-11-03,121.360001,121.43,120.18,120.620003
2017-11-06,120.720001,121.849998,120.68,121.650002
2017-11-07,121.510002,121.559998,120.779999,121.209999
2017-11-08,121.949997,122.25,121.589996,121.629997
2017-11-09,121.849998,122.410004,121.730003,122.129997
2017-11-10,121.989998,122.110001,120.940002,121.129997
2017-11-13,121.43,121.550003,121.269997,121.309998
2017-11-14,120.900002,121.910004,120.769997,121.559998
2017-11-15,122.129997,122.360001,121.25,121.410004
2017-11-16,121.449997,121.709999,121.290001,121.400002
2017-11-17,122.150002,123.169998,121.949997,122.860001
2017-11-20,122.300003,122.410004,121.040001,121.309998
2017-11-21,121.669998,122,121.5,121.510002
2017-11-22,122.260002,122.949997,122.169998,122.629997
2017-11-24,122.360001,122.610001,122.220001,122.32
2017-11-27,123.260002,123.330002,122.669998,122.830002
2017-11-28,123.050003,123.169998,122.529999,122.809998
2017-11-29,122.239998,122.330002,121.739998,122.040001
2017-11-30,121.440002,121.699997,120.639999,121.099998
2017-12-01,120.940002,122.43,120.739998,121.589996
2017-12-04,121.150002,121.199997,120.839996,121.18
2017-12-05,120.099998,120.510002,119.720001,120.32
2017-12-06,120.040001,120.440002,119.870003,120.07
2017-12-07,119.010002,119.239998,118.099998,118.489998
2017-12-08,118.489998,118.919998,118.330002,118.480003
2017-12-11,118.370003,118.540001,117.800003,118.010002
2017-12-12,117.650002,118.169998,117.400002,118.150002
2017-12-13,118.190002,119.349998,118.010002,119.169998
2017-12-14,119.099998,119.290001,118.709999,118.93
2017-12-15,119.410004,119.5,118.970001,119.18
2017-12-18,119.629997,119.989998,119.599998,119.730003
2017-12-19,119.669998,119.900002,119.529999,119.82
2017-12-20,119.980003,120.360001,119.809998,120.139999
2017-12-21,120.07,120.449997,120,120.309998
2017-12-22,120.669998,121.139999,120.57,120.940002
2017-12-26,121.550003,121.870003,121.510002,121.769997
2017-12-27,122,122.339996,121.879997,122.230003
2017-12-28,122.82,122.919998,122.559998,122.849998
2017-12-29,123.699997,124.089996,123.459999,123.650002
2018-01-02,124.660004,125.18,124.389999,125.150002
2018-01-03,125.050003,125.089996,124.099998,124.82
2018-01-04,124.889999,125.849998,124.739998,125.459999
2018-01-05,124.93,125.480003,124.830002,125.330002
2018-01-08,125.199997,125.32,124.900002,125.309998
2018-01-09,124.489998,124.860001,124.230003,124.730003
2018-01-10,125.169998,125.309998,124.720001,125.029999
2018-01-11,125.370003,125.660004,125.25,125.440002
2018-01-12,126.010002,127.129997,125.809998,126.959999
2018-01-16,126.599998,127.18,126.400002,127.169998
2018-01-17,126.769997,127.220001,125.900002,126.139999
2018-01-18,126.129997,126.519997,125.800003,125.860001
2018-01-19,126.57,126.730003,126.410004,126.419998
2018-01-22,126.510002,126.75,126.279999,126.650002
2018-01-23,126.529999,127.349998,126.339996,127.279999
2018-01-24,128.389999,129.259995,128.229996,128.830002
2018-01-25,128.690002,129.509995,127.360001,127.970001
2018-01-26,128.240005,128.520004,127.970001,128.070007
2018-01-29,127.580002,127.629997,126.919998,127.349998
2018-01-30,127.910004,127.919998,126.739998,126.800003
2018-01-31,127.449997,127.849998,126.400002,127.650002
2018-02-01,127.18,128.149994,127.080002,128.070007
2018-02-02,126.809998,126.849998,125.959999,126.389999
2018-02-05,126.82,127.309998,126.440002,126.709999
2018-02-06,126.540001,126.550003,125.220001,125.379997
2018-02-07,125.480003,125.769997,124.410004,124.790001
2018-02-08,124.919998,125.440002,124.510002,124.980003
2018-02-09,124.650002,125.139999,124.389999,124.769997
2018-02-12,125.190002,125.82,125.110001,125.370003
2018-02-13,125.669998,126.18,125.519997,126.080002
2018-02-14,126.470001,128.589996,126.290001,128.229996
2018-02-15,128.429993,128.570007,127.940002,128.380005
2018-02-16,128.300003,128.699997,127.57,127.959999
2018-02-20,127.279999,127.400002,126.040001,126.239998
2018-02-21,126.360001,126.760002,125.440002,125.660004
2018-02-22,125.919998,126.370003,125.879997,126.300003
2018-02-23,126.059998,126.300003,125.849998,126.139999
2018-02-26,126.449997,126.620003,126.18,126.449997
2018-02-27,126.059998,126.150002,124.589996,125.129997
2018-02-28,125.089996,125.459999,124.809998,125
2018-03-01,124.150002,125.309998,123.580002,124.720001
2018-03-02,125.669998,125.690002,124.970001,125.389999
2018-03-05,125.349998,125.480003,124.959999,125.18
2018-03-06,126.199997,126.959999,126.129997,126.529999
2018-03-07,126.220001,126.290001,125.419998,125.720001
2018-03-08,125.690002,125.699997,125.129997,125.419998
2018-03-09,124.940002,125.690002,124.779999,125.540001
2018-03-12,125.040001,125.57,124.839996,125.540001
2018-03-13,125.669998,125.989998,125.050003,125.779999
2018-03-14,125.489998,125.760002,125.339996,125.699997
2018-03-15,125.120003,125.209999,124.720001,124.900002
2018-03-16,124.839996,124.870003,124.209999,124.599998
2018-03-19,124.57,125.160004,124.419998,124.870003
2018-03-20,124.410004,124.550003,123.959999,124.309998
2018-03-21,125.400002,126.760002,125.029999,126.480003
2018-03-22,126.089996,126.339996,125.639999,125.980003
2018-03-23,127.82,128.059998,127.610001,127.610001
2018-03-26,128.050003,128.580002,128.009995,128.279999
2018-03-27,127.230003,127.620003,127.050003,127.489998
2018-03-28,126.480003,126.610001,125.510002,125.730003
2018-03-29,125.419998,125.809998,125.309998,125.790001
2018-04-02,126.650002,127.540001,126.379997,127.260002
2018-04-03,126.540001,126.589996,126.010002,126.300003
2018-04-04,127.5,127.529999,126.32,126.449997
2018-04-05,125.449997,126.080002,125.43,125.800003
2018-04-06,126.57,126.599998,126.129997,126.389999
2018-04-09,126.449997,126.860001,126.230003,126.82
2018-04-10,127.019997,127.309998,126.669998,127.120003
2018-04-11,128.089996,129.470001,127.779999,128.110001
2018-04-12,127.25,127.339996,126.470001,126.620003
2018-04-13,127.07,127.75,127.029999,127.449997
2018-04-16,127.739998,128.050003,127.57,127.629997
2018-04-17,127.019997,127.779999,127,127.75
2018-04-18,128.320007,128.539993,127.75,127.849998
2018-04-19,127.809998,127.879997,127.129997,127.599998
2018-04-20,126.690002,126.970001,126.550003,126.629997
2018-04-23,125.620003,125.760002,125.339996,125.620003
2018-04-24,125.779999,126.339996,125.669998,126.230003
2018-04-25,125.230003,125.510002,125.059998,125.410004
2018-04-26,125.540001,125.57,124.690002,124.970001
2018-04-27,125.199997,125.620003,125.169998,125.5
2018-04-30,124.410004,125.199997,124.190002,124.589996
2018-05-01,123.900002,123.980003,123.389999,123.709999
2018-05-02,123.900002,124.540001,123.580002,123.650002
2018-05-03,124.660004,124.760002,124.239998,124.279999
2018-05-04,124.099998,124.650002,124,124.540001
2018-05-07,124.5,124.699997,124.300003,124.57
2018-05-08,124.139999,124.949997,123.790001,124.589996
2018-05-09,124.449997,124.870003,124.239998,124.330002
2018-05-10,125.220001,125.370003,124.75,125.18
2018-05-11,125.57,125.589996,124.940002,125
2018-05-14,125.160004,125.209999,124.440002,124.489998
2018-05-15,122.82,122.82,122.129997,122.480003
2018-05-16,122.379997,122.610001,122.029999,122.290001
2018-05-17,122.230003,122.43,122.040001,122.360001
2018-05-18,122.050003,122.650002,122.010002,122.410004
2018-05-21,122.160004,122.529999,121.970001,122.480003
2018-05-22,122.699997,122.739998,122.339996,122.410004
2018-05-23,122.139999,122.739998,122.110001,122.540001
2018-05-24,123.099998,123.82,123.080002,123.589996
2018-05-25,123.660004,123.699997,123.209999,123.209999
2018-05-29,122.839996,123.639999,122.660004,123.190002
2018-05-30,123.169998,123.610001,123.169998,123.370003
2018-05-31,123.260002,123.779999,123.099998,123.099998
2018-06-01,122.580002,123.089996,122.440002,122.489998
2018-06-04,122.849998,122.93,122.370003,122.370003
2018-06-05,122.550003,123.230003,122.279999,122.849998
2018-06-06,123.080002,123.349998,122.629997,122.919998
2018-06-07,122.959999,123.150002,122.690002,122.860001
2018-06-08,123.080002,123.120003,122.910004,123.010002
2018-06-11,123.099998,123.419998,123.019997,123.230003
2018-06-12,122.949997,123.18,122.639999,122.82
2018-06-13,122.839996,123.339996,122.470001,123.190002
2018-06-14,123.629997,123.860001,123.32,123.379997
2018-06-15,122.18,122.199997,120.830002,121.339996
2018-06-18,121.349998,121.440002,120.989998,121.110001
2018-06-19,120.809998,121.029999,120.580002,120.800003
2018-06-20,120.790001,120.809998,120.160004,120.260002
2018-06-21,119.919998,120.32,119.82,120.050003
2018-06-22,120.209999,120.400002,120.099998,120.339996
2018-06-25,120,120.230003,119.830002,119.889999
2018-06-26,119.279999,119.589996,119.089996,119.260002
2018-06-27,118.959999,119.050003,118.480003,118.580002
2018-06-28,118.589996,118.669998,118.010002,118.220001
2018-06-29,118.43,118.940002,118.260002,118.650002
2018-07-02,118.18,118.209999,117.400002,117.459999
2018-07-03,118.410004,119.080002,118.379997,118.650002
2018-07-05,118.919998,119.330002,118.769997,119.050003
2018-07-06,118.970001,119.029999,118.730003,118.860001
2018-07-09,119.650002,119.730003,119.139999,119.150002
2018-07-10,118.889999,119,118.610001,118.93
2018-07-11,118.449997,118.529999,117.620003,117.639999
2018-07-12,118,118.260002,117.940002,118.129997
2018-07-13,117.620003,117.75,117.449997,117.610001
2018-07-16,117.510002,117.629997,117.279999,117.550003
2018-07-17,116.720001,116.93,116.120003,116.279999
2018-07-18,116.029999,116.349998,115.830002,116.309998
2018-07-19,115.129997,116.470001,115.120003,115.809998
2018-07-20,116.400002,116.709999,116.239998,116.559998
2018-07-23,116.25,116.309998,115.760002,116
2018-07-24,116.220001,116.43,115.910004,116.040001
2018-07-25,116.790001,116.839996,116.269997,116.68
2018-07-26,116.239998,116.510002,115.769997,115.769997
2018-07-27,115.919998,116.239998,115.769997,115.830002
2018-07-30,115.800003,116.019997,115.639999,115.650002
2018-07-31,115.470001,116.349998,115.389999,115.989998
2018-08-01,115.629997,115.699997,115.129997,115.139999
2018-08-02,115.169998,115.230003,114.419998,114.519997
2018-08-03,115.089996,115.529999,114.860001,114.919998
2018-08-06,114.559998,114.720001,114.309998,114.330002
2018-08-07,114.849998,114.940002,114.419998,114.589996
2018-08-08,114.75,114.949997,114.410004,114.910004
2018-08-09,115.019997,115.120003,114.690002,114.739998
2018-08-10,114.809998,115.230003,114.610001,114.690002
2018-08-13,113.809998,113.809998,112.830002,112.959999
2018-08-14,113.25,113.480003,112.839996,113.07
2018-08-15,112.169998,112.18,111.059998,111.190002
2018-08-16,111.459999,111.879997,111.099998,111.099998
2018-08-17,111.690002,112.150002,111.379997,112.129997
2018-08-20,112.379997,112.739998,112.160004,112.690002
2018-08-21,112.769997,113.099998,112.440002,113.019997
2018-08-22,113.389999,113.489998,113.07,113.269997
2018-08-23,112.68,112.879997,112.059998,112.199997
2018-08-24,113.25,114.419998,113.209999,114.160004
2018-08-27,114.120003,114.779999,114.120003,114.589996
2018-08-28,114.760002,114.870003,113.550003,113.68
2018-08-29,114.160004,114.209999,113.849998,114.199997
2018-08-30,113.919998,113.93,113.239998,113.639999
2018-08-31,113.720001,114.059998,113.440002,113.510002
2018-09-04,112.75,113.07,112.610001,112.93
2018-09-05,113.360001,113.440002,113.120003,113.32
2018-09-06,113.889999,114.260002,113.279999,113.540001
2018-09-07,113.260002,113.599998,112.970001,113.230003
2018-09-10,113.260002,113.43,113,113.150002
2018-09-11,112.650002,113.370003,112.419998,113.220001
2018-09-12,113.120003,114.389999,113.059998,114.169998
2018-09-13,114.720001,114.779999,113.580002,113.760002
2018-09-14,113.790001,113.900002,112.910004,113.019997
2018-09-17,113.599998,114.029999,113.550003,113.610001
2018-09-18,113.790001,113.910004,113.279999,113.440002
2018-09-19,113.940002,114.150002,113.68,113.879997
2018-09-20,114.209999,114.370003,113.860001,114.269997
2018-09-21,112.870003,113.68,112.790001,113.489998
2018-09-24,113.68,113.959999,113.43,113.470001
2018-09-25,113.75,113.889999,113.57,113.650002
2018-09-26,113.110001,113.599998,112.660004,113.050003
2018-09-27,112.099998,112.419998,111.849998,112.050003
2018-09-28,112.160004,113,112.07,112.760002
2018-10-01,112.400002,112.620003,112.150002,112.57
2018-10-02,113.699997,114.330002,113.610001,113.870003
2018-10-03,113.870003,114.050003,113.260002,113.419998
2018-10-04,113.830002,114.190002,113.260002,113.480003
2018-10-05,113.809998,114.099998,113.57,113.800003
2018-10-08,112.25,112.589996,111.900002,112.540001
2018-10-09,112.370003,112.669998,111.970001,112.599998
2018-10-10,112.470001,112.959999,112.25,112.879997
2018-10-11,114.199997,116.040001,114.089996,115.779999
2018-10-12,115.580002,115.709999,115.080002,115.230003
2018-10-15,116.120003,116.529999,115.889999,116
2018-10-16,116.489998,116.599998,115.800003,115.800003
2018-10-17,115.889999,116.330002,115.68,115.790001
2018-10-18,115.830002,116.410004,115.629997,115.919998
2018-10-19,116.230003,116.239998,115.959999,116.010002
2018-10-22,115.57,115.779999,115.43,115.709999
2018-10-23,117.160004,117.25,116.330002,116.389999
2018-10-24,116.379997,116.720001,116.110001,116.660004
2018-10-25,116.580002,116.730003,116.190002,116.400002
2018-10-26,116.830002,117.650002,116.459999,116.769997
2018-10-29,116.410004,116.540001,115.839996,116.309998
2018-10-30,115.849998,116.040001,115.639999,115.800003
2018-10-31,114.889999,115.169998,114.660004,115.150002
2018-11-01,116.330002,117.07,116.18,116.629997
2018-11-02,116.610001,116.980003,116.389999,116.650002
2018-11-05,116.279999,116.669998,116.230003,116.370003
2018-11-06,116.440002,116.529999,115.739998,116.040001
2018-11-07,116.260002,116.349998,115.900002,116.029999
2018-11-08,115.769997,116.150002,115.5,115.779999
2018-11-09,114.599998,114.75,114.139999,114.480003
2018-11-12,114.010002,114.050003,113.580002,113.660004
2018-11-13,113.720001,113.93,113.419998,113.699997
2018-11-14,113.529999,115.059998,113.459999,114.639999
2018-11-15,114.830002,114.989998,114.559998,114.769997
2018-11-16,115.830002,115.879997,115.370003,115.620003
2018-11-19,115.449997,115.919998,115.370003,115.669998
2018-11-20,115.940002,115.949997,115.370003,115.669998
2018-11-21,115.940002,116.349998,115.860001,115.860001
2018-11-23,115.760002,115.879997,115.589996,115.769997
2018-11-26,115.839996,115.870003,115.529999,115.639999
2018-11-27,115.550003,115.629997,114.599998,114.949997
2018-11-28,114.760002,116.07,114.589996,115.379997
2018-11-29,115.970001,116.239998,115.559998,115.739998
2018-11-30,115.419998,115.660004,115.040001,115.540001
2018-12-03,116.599998,116.769997,116.300003,116.410004
2018-12-04,117.370003,117.389999,116.93,117.120003
2018-12-06,117.379997,117.690002,116.919998,117.139999
2018-12-07,117.620003,118.230003,117.540001,118.089996
2018-12-10,117.699997,117.940002,117.419998,117.68
2018-12-11,117.669998,117.889999,117.349998,117.540001
2018-12-12,117.699997,117.949997,117.610001,117.790001
2018-12-13,117.540001,117.620003,117.260002,117.529999
2018-12-14,116.629997,117.300003,116.580002,117.059998
2018-12-17,117.370003,118.029999,117.349998,117.870003
2018-12-18,117.849998,118.199997,117.809998,118.150002
2018-12-19,118.239998,118.959999,117.400002,117.43
2018-12-20,119.110001,119.739998,118.68,119.239998
2018-12-21,119.190002,119.25,118.57,118.720001
2018-12-24,119.57,120.139999,119.57,120.019997
2018-12-26,120.620003,121,119.57,119.660004
2018-12-27,120.57,120.900002,120.139999,120.57
2018-12-28,120.800003,121.080002,120.720001,121.059998
2018-12-31,120.980003,121.260002,120.830002,121.25
2019-01-02,121.349998,121.75,120.879997,121.330002
2019-01-03,121.779999,122.459999,121.730003,122.43
2019-01-04,121.32,121.599998,120.690002,121.440002
2019-01-07,122.160004,122.220001,121.57,121.860001
2019-01-08,121.150002,121.709999,121.059998,121.529999
2019-01-09,121.449997,122.339996,121.440002,122.309998
2019-01-10,121.980003,122.18,121.57,121.589996
2019-01-11,121.739998,122.050003,121.660004,121.800003
2019-01-14,122.150002,122.239998,121.870003,122.089996
2019-01-15,122.279999,122.379997,121.620003,121.879997
2019-01-16,122.040001,122.440002,122.019997,122.269997
2019-01-17,122.029999,122.260002,121.809998,122.110001
2019-01-18,121.230003,121.519997,121.019997,121.019997
2019-01-22,121.18,121.5,120.900002,121.449997
2019-01-23,120.959999,121.540001,120.860001,121.279999
2019-01-24,121.160004,121.360001,120.919998,121.089996
2019-01-25,122.019997,122.910004,122.019997,122.860001
2019-01-28,122.75,123.290001,122.720001,123.290001
2019-01-29,123.709999,124,123.459999,123.980003
2019-01-30,123.910004,125.07,123.699997,124.690002
2019-01-31,125.18,125.230003,124.620003,124.75
2019-02-01,124.889999,125.050003,124.370003,124.5
2019-02-04,123.989998,124.290001,123.82,123.959999
2019-02-05,124.290001,124.419998,124.050003,124.279999
2019-02-06,124.160004,124.190002,123.400002,123.440002
2019-02-07,123.800003,123.949997,123.440002,123.739998
2019-02-08,124.050003,124.330002,123.980003,124.209999
2019-02-11,123.190002,123.82,123.190002,123.599998
2019-02-12,123.959999,124.029999,123.610001,123.860001
2019-02-13,123.839996,124.550003,123.309998,123.370003
2019-02-14,123.839996,124.199997,123.529999,124.059998
2019-02-15,124.589996,125,124.18,124.800003
2019-02-19,125.980003,126.790001,125.93,126.699997
2019-02-20,127,127.209999,126.309998,126.480003
2019-02-21,126.150002,126.220001,125.050003,125.050003
2019-02-22,125.529999,125.949997,125.389999,125.5
2019-02-25,125.779999,125.900002,125.230003,125.370003
2019-02-26,125.330002,125.620003,125.050003,125.580002
2019-02-27,125.169998,125.230003,124.400002,124.690002
2019-02-28,124.709999,124.709999,123.980003,123.989998
2019-03-01,123.480003,123.959999,121.870003,121.879997
2019-03-04,121.559998,121.849998,121.18,121.559998
2019-03-05,121.379997,121.730003,121.029999,121.720001
2019-03-06,121.43,121.639999,121.260002,121.610001
2019-03-07,121.269997,121.709999,121.18,121.510002
2019-03-08,122.699997,122.889999,122.370003,122.839996
2019-03-11,122.519997,122.540001,121.919998,122.239998
2019-03-12,122.540001,123.029999,122.400002,122.980003
2019-03-13,123.559998,123.879997,123.43,123.839996
2019-03-14,122.330002,122.550003,122.120003,122.410004
2019-03-15,123.059998,123.400002,122.910004,122.970001
2019-03-18,123.300003,123.400002,122.889999,123.040001
2019-03-19,123.720001,123.790001,123.339996,123.379997
2019-03-20,123.660004,124.419998,122.650002,124.18
2019-03-21,124.360001,124.370003,123.110001,123.68
2019-03-22,123.93,124.220001,123.730003,123.970001
2019-03-25,124.559998,125.110001,124.480003,124.919998
2019-03-26,124.480003,124.510002,124.07,124.300003
2019-03-27,124.349998,124.379997,123.559998,123.650002
2019-03-28,122.279999,122.360001,121.709999,121.900002
2019-03-29,122.639999,122.75,122.010002,122.010002
2019-04-01,122.400002,122.43,121.459999,121.529999
2019-04-02,121.720001,122.010002,121.68,121.980003
2019-04-03,121.730003,122.010002,121.68,121.800003
2019-04-04,121.099998,122.239998,120.959999,122.110001
2019-04-05,121.879997,122.129997,121.660004,121.980003
2019-04-08,122.970001,123.019997,122.400002,122.510002
2019-04-09,123.260002,123.349998,123.029999,123.150002
2019-04-10,123.220001,123.769997,123.190002,123.529999
2019-04-11,122.540001,122.75,121.790001,121.949997
2019-04-12,121.959999,122.309998,121.800003,121.830002
2019-04-15,121.199997,121.82,121.099998,121.599998
2019-04-16,120.379997,120.629997,120.190002,120.510002
2019-04-17,120.459999,120.510002,120.199997,120.279999
2019-04-18,120.239998,120.540001,120.150002,120.370003
2019-04-22,120.459999,120.5,120.269997,120.370003
2019-04-23,119.669998,120.199997,119.550003,120.120003
2019-04-24,120.059998,120.720001,120.040001,120.470001
2019-04-25,120.720001,121.099998,120.5,120.57
2019-04-26,121.260002,121.669998,121.220001,121.370003
2019-04-29,120.879997,120.910004,120.669998,120.830002
2019-04-30,120.889999,121.360001,120.849998,121.199997
2019-05-01,121.029999,121.550003,120.18,120.400002
2019-05-02,119.690002,120.110001,119.540001,119.940002
2019-05-03,120.559998,121.080002,120.480003,120.650002
2019-05-06,120.610001,121.120003,120.540001,120.809998
2019-05-07,121.019997,121.419998,120.910004,121.209999
2019-05-08,121.540001,121.540001,120.769997,120.910004
2019-05-09,120.959999,121.620003,120.860001,121.199997
2019-05-10,121.410004,121.730003,121.300003,121.43
2019-05-13,122.629997,122.849998,122.330002,122.669998
2019-05-14,122.599998,122.660004,122.120003,122.459999