Date,Close,High,P_H,Low,P_L,Signal,gld_returns,strategy_returns
2017-08-10,122.209999,122.440002,122.58170783769856,122.029999,121.51477061348297,0,,
2017-08-11,122.790001,122.830002,122.74705466281198,122.029999,121.6708632989874,-1,0.004745945542475649,0.0
2017-08-14,121.919998,122.239998,122.50440566821716,121.68,121.4396450380618,0,-0.0070852919041836104,0.0070852919041836104
2017-08-15,120.980003,121.230003,121.153842350781,120.580002,120.09105493743678,-1,-0.007709932869257474,-0.0
2017-08-16,121.870003,122.059998,121.24046155150266,120.660004,120.16458473115652,-1,0.007356587683338134,-0.007356587683338134
2017-08-17,122.489998,122.610001,122.83316463021768,121.760002,121.76411199820043,1,0.005087347047985302,-0.005087347047985302
2017-08-18,122.300003,123.540001,123.88566178286062,122.0,122.81254514550484,1,-0.0015511062380783036,-0.0015511062380783036
2017-08-21,122.760002,122.980003,123.06408598846208,122.5,121.98916291431094,0,0.0037612345765845046,0.0037612345765845046
2017-08-22,122.209999,122.559998,123.09578827828896,121.849998,122.0221532644943,1,-0.00448031110328595,-0.0
2017-08-23,122.669998,122.690002,123.13215239425725,122.309998,122.0381540773549,0,0.003764004613076022,0.003764004613076022
2017-08-24,122.290001,122.639999,122.93814473346904,122.129997,121.84226125321796,0,-0.003097717503835029,-0.0
2017-08-25,122.739998,123.019997,123.3269269970544,121.290001,122.21846225434764,1,0.0036797530159475844,0.0
2017-08-28,124.690002,124.730003,123.87262915942098,123.330002,122.774568418359,-1,0.01588727417121194,0.01588727417121194
2017-08-29,124.419998,125.870003,126.32530607779248,124.050003,125.22752973966487,1,-0.0021654021627171005,0.0021654021627171005
2017-08-30,124.360001,124.620003,124.840566848124,124.160004,123.75592380768306,0,-0.0004822134782546117,-0.0004822134782546117
2017-08-31,125.82,125.839996,125.13819991923428,124.550003,124.0365833258148,-1,0.011740101224347876,0.0
2017-09-01,126.059998,126.169998,126.54264312604226,125.120003,125.4484889773788,1,0.001907470990303528,-0.001907470990303528
2017-09-05,127.459999,127.779999,127.18475635897742,126.57,126.07557226378488,-1,0.011105830733076916,0.011105830733076916
2017-09-06,126.809998,127.440002,127.87619374993884,126.550003,126.76387760951908,1,-0.005099646988071971,0.005099646988071971
2017-09-07,128.130005,128.320007,128.12158694944856,127.389999,126.98568160755192,-1,0.01040932908144998,0.01040932908144998
2017-09-08,127.970001,128.300003,128.7634869450952,127.589996,127.6317559160394,1,-0.0012487629263732147,0.0012487629263732147
2017-09-11,126.190002,126.940002,127.2879784564764,126.050003,126.17305352209053,1,-0.013909502118390926,-0.013909502118390926
2017-09-12,126.559998,126.589996,126.63702444071774,125.940002,125.4966463924802,0,0.002932054791472183,0.002932054791472183
2017-09-13,125.610001,126.449997,126.97968621721697,125.5,125.85508462399468,1,-0.00750629752696419,-0.0
2017-09-14,126.160004,126.440002,126.22149245145424,125.620003,125.10295948113372,-1,0.0043786561230900745,0.0043786561230900745
2017-09-15,125.529999,125.989998,126.54847914458978,125.410004,125.42927152802986,1,-0.0049936983197939044,0.0049936983197939044
2017-09-18,124.360001,124.760002,125.2596494238419,123.970001,124.15233758193048,1,-0.009320465301684622,-0.009320465301684622
2017-09-19,124.620003,124.650002,125.0666976022142,124.029999,123.95297591838568,0,0.0020907204720912453,0.0020907204720912453
2017-09-20,123.620003,125.059998,125.21952976169467,123.150002,124.1371037834401,1,-0.008024393965068377,-0.0
2017-09-21,122.68,123.07,123.08233854279388,122.489998,122.03128200848172,0,-0.0076039716646827404,-0.0076039716646827404
2017-09-22,123.239998,123.389999,123.58090031372198,122.93,122.52133700051392,0,0.004564704923377905,0.0
2017-09-25,124.529999,124.660004,123.2840000523537,122.709999,122.25268909020932,-1,0.010467389004663818,0.0
2017-09-26,123.139999,123.809998,124.0605142811566,122.900002,123.03228322235348,1,-0.011161969093085755,0.011161969093085755
2017-09-27,121.980003,122.510002,122.56454307982736,121.879997,121.5224446450984,0,-0.009420139754914292,-0.009420139754914292
2017-09-28,122.209999,122.480003,122.60079422332468,121.830002,121.54217111926356,0,0.0018855221703839575,0.0
2017-09-29,121.580002,122.300003,122.8089857096015,121.550003,121.76944573222184,1,-0.005155036454913997,-0.0
2017-10-02,120.769997,121.339996,121.67606738325908,120.739998,120.6503032770328,0,-0.00666232099584918,-0.00666232099584918
2017-10-03,120.830002,121.099998,121.24371265307596,120.699997,120.21831430679232,0,0.0004968535355680537,0.0
2017-10-04,121.169998,121.269997,121.71954131836944,120.709999,120.69836700422078,0,0.0028138375765318635,0.0
2017-10-05,120.519997,121.239998,121.63768327416297,120.400002,120.62681629058348,1,-0.005364372457941302,-0.0
2017-10-06,121.089996,121.209999,120.76047496804004,119.779999,119.7519839171264,-1,0.0047294972966187565,0.0047294972966187565
2017-10-09,122.080002,122.110001,122.14864110349666,121.550003,121.12716893306178,0,0.008175786875077584,-0.008175786875077584
2017-10-10,122.400002,122.970001,123.10240143839752,122.360001,122.0781838486578,0,0.0026212319360874314,0.0
2017-10-11,122.790001,122.879997,123.06728612184658,122.029999,122.0231251538239,0,0.003186266287806161,0.0
2017-10-12,122.889999,123.040001,123.35783583680384,122.5,122.30003623038674,0,0.00081438227205477,0.0
2017-10-13,123.82,123.860001,124.18743566954272,123.339996,123.11556983769606,0,0.0075677517093966085,0.0
2017-10-16,122.970001,123.970001,124.32765499361236,122.57,123.2724943759139,1,-0.006864795671135515,-0.0
2017-10-17,122.129997,122.32,122.55398889831076,121.730003,121.50890276932756,0,-0.006830966846946618,-0.006830966846946618
2017-10-18,121.669998,121.940002,122.27036159504104,121.550003,121.2147480385601,0,-0.003766470247272613,-0.0
2017-10-19,122.389999,122.550003,122.74728894372258,122.110001,121.6880555679606,0,0.005917654408114537,0.0
2017-10-20,121.610001,121.980003,122.18895134252458,121.389999,121.15363512845376,0,-0.006373053406103946,-0.0
2017-10-23,121.800003,121.900002,121.51138365011973,120.959999,120.46500619516073,-1,0.0015623879486688086,0.0
2017-10-24,121.330002,121.709999,121.79852291024358,120.980003,120.75003164590724,0,-0.0038587930084041933,0.0038587930084041933
2017-10-25,121.349998,121.589996,121.8382775217076,120.839996,120.79441935455684,0,0.00016480672274288288,0.0
2017-10-26,120.330002,121.160004,121.67770237494268,120.220001,120.64736840960823,1,-0.008405405989376336,-0.0
2017-10-27,120.900002,120.989998,120.8992757778126,120.209999,119.87660710327484,-1,0.004736973244627851,0.004736973244627851
2017-10-30,121.129997,121.470001,120.88332836903088,120.379997,119.88046672392578,-1,0.0019023572886294193,-0.0019023572886294193
2017-10-31,120.669998,120.839996,121.3167506009432,120.379997,120.31097514601431,0,-0.003797564694069888,0.003797564694069888
2017-11-01,121.110001,121.550003,121.49214286182767,120.839996,120.47047564132224,-1,0.003646333034661886,0.0
2017-11-02,121.190002,121.959999,121.79187779377604,121.050003,120.77426695802018,-1,0.000660564770369465,-0.000660564770369465
2017-11-03,120.620003,121.43,121.8603284330632,120.18,120.83655539668666,1,-0.004703350033775977,0.004703350033775977
2017-11-06,121.650002,121.849998,121.23537856461112,120.68,120.20528671754708,-1,0.00853920555780463,0.00853920555780463
2017-11-07,121.209999,121.559998,122.0233688215234,120.779999,120.9841201692422,1,-0.0036169584279990286,0.0036169584279990286
2017-11-08,121.629997,122.25,122.47287344404174,121.589996,121.409596431887,0,0.0034650441668595544,0.0034650441668595544
2017-11-09,122.129997,122.410004,122.37379885989073,121.730003,121.30637790183464,-1,0.004110828022136692,0.0
2017-11-10,121.129997,122.110001,122.49046321946282,120.940002,121.46570265824764,1,-0.008187996598411407,0.008187996598411407
2017-11-13,121.309998,121.550003,121.95993703240497,121.269997,120.911845156505,0,0.0014860150619833146,0.0014860150619833146
2017-11-14,121.559998,121.910004,121.42525726359356,120.769997,120.38904196785784,-1,0.002060835909007297,0.0
2017-11-15,121.410004,122.360001,122.65293947572373,121.25,121.60515864766484,1,-0.0012339092009526764,0.0012339092009526764
2017-11-16,121.400002,121.709999,121.96356929831718,121.290001,120.9183903086548,0,-8.238200865229306e-05,-8.238200865229306e-05
2017-11-17,122.860001,123.169998,122.67827103925666,121.949997,121.620022897774,-1,0.01202635070796787,0.0
2017-11-20,121.309998,122.410004,122.80088974907731,121.040001,121.7529724181596,1,-0.012616009990102484,0.012616009990102484
2017-11-21,121.510002,122.0,122.2128310617053,121.5,121.13727415195568,0,0.0016487017005804017,0.0016487017005804017
2017-11-22,122.629997,122.949997,122.81288480723454,122.169998,121.72517581508464,-1,0.009217307065800151,0.0
2017-11-24,122.32,122.610001,122.86239942915408,122.220001,121.81036089323035,0,-0.0025279051421652765,0.0025279051421652765
2017-11-27,122.830002,123.330002,123.78885621157352,122.669998,122.71355840729125,1,0.004169408109875761,0.0
2017-11-28,122.809998,123.169998,123.56716269261976,122.529999,122.50504358475092,0,-0.00016285923369108168,-0.00016285923369108168
2017-11-29,122.040001,122.330002,122.75691035217991,121.739998,121.7095090706817,0,-0.006269823406397146,-0.0
2017-11-30,121.099998,121.699997,121.98474796723686,120.639999,120.92889829745472,1,-0.007702417177135268,-0.0
2017-12-01,121.589996,122.43,121.49947465256962,120.739998,120.43067986078354,-1,0.004046226326114288,0.004046226326114288
2017-12-04,121.18,121.199997,121.68538023911805,120.839996,120.62778830499704,0,-0.003371955041432839,0.003371955041432839
2017-12-05,120.32,120.510002,120.61814243399616,119.720001,119.58969836529964,0,-0.007096880673378547,-0.0
2017-12-06,120.07,120.440002,120.58072705029016,119.870003,119.54958970496185,0,-0.0020777925531915153,-0.0
2017-12-07,118.489998,119.239998,119.5264545277207,118.099998,118.52346828231856,1,-0.013159007245773235,-0.0
2017-12-08,118.480003,118.919998,119.01806737630604,118.330002,118.01738603178198,0,-8.435311139087798e-05,-8.435311139087798e-05
2017-12-11,118.010002,118.540001,118.87418474085251,117.800003,117.8919595568596,1,-0.00396692258692799,-0.0
2017-12-12,118.150002,118.169998,118.13356829718292,117.400002,117.16906738148688,-1,0.001186340120560292,0.001186340120560292
2017-12-13,119.169998,119.349998,118.67772432480707,118.010002,117.70910470048324,-1,0.0086330595237738,-0.0086330595237738
2017-12-14,118.93,119.290001,119.56886330494422,118.709999,118.59853504286286,0,-0.0020139129313403448,0.0020139129313403448
2017-12-15,119.18,119.5,119.89376982725572,118.970001,118.90262262035075,0,0.0021020768519297572,0.0
2017-12-18,119.730003,119.989998,120.12385918449526,119.599998,119.12102224838344,0,0.004614893438496415,0.0
2017-12-19,119.82,119.900002,120.15910808210516,119.529999,119.1540986736548,0,0.0007516662302262667,0.0
2017-12-20,120.139999,120.360001,120.48841976799456,119.809998,119.46234968348364,0,0.0026706643298282096,0.0
2017-12-21,120.309998,120.449997,120.58673053658904,120.0,119.54782889271968,0,0.0014150075030381348,0.0
2017-12-22,120.940002,121.139999,121.1852424407597,120.57,120.1529547074941,0,0.005236505780675138,0.0
2017-12-26,121.769997,121.870003,122.05671482902324,121.510002,121.02582626749587,0,0.006862865770417281,0.0
2017-12-27,122.230003,122.339996,122.496803208334,121.879997,121.46890445821728,0,0.003777662899999923,0.0
2017-12-28,122.849998,122.919998,123.33204372390408,122.559998,122.28681832845862,0,0.005072363452367723,0.0
2017-12-29,123.650002,124.089996,124.2173218379071,123.459999,123.15781458465668,0,0.006512039178055096,0.0
2018-01-02,125.150002,125.18,125.17545295801216,124.389999,124.10496158365432,-1,0.012131014765369708,0.0
2018-01-03,124.82,125.089996,125.55551659167192,124.099998,124.4887737127231,1,-0.0026368517357275856,0.0026368517357275856
2018-01-04,125.459999,125.849998,125.4296546047946,124.739998,124.34298801194248,-1,0.0051273754206055955,0.0051273754206055955
2018-01-05,125.330002,125.480003,125.47982210125603,124.830002,124.39289089593142,-1,-0.0010361629287116703,0.0010361629287116703
2018-01-08,125.309998,125.32,125.75481984365324,124.900002,124.66147859169676,0,-0.0001596106253951568,0.0001596106253951568
2018-01-09,124.730003,124.860001,125.04367500399228,124.230003,123.95832683437156,0,-0.00462848144008432,-0.0
2018-01-10,125.029999,125.309998,125.73954523180092,124.720001,124.63871705156622,0,0.002405163094560292,0.0
2018-01-11,125.440002,125.660004,125.91559131192268,125.25,124.82187734858483,0,0.003279237009351732,0.0
2018-01-12,126.959999,127.129997,126.54428255167888,125.809998,125.44897783004252,-1,0.012117322829761967,0.0
2018-01-16,127.169998,127.18,127.12163485389232,126.400002,126.02456504523472,-1,0.0016540564087434984,-0.0016540564087434984
2018-01-17,126.139999,127.220001,127.31381379503208,125.900002,126.19707127887536,1,-0.00809938677517319,0.00809938677517319
2018-01-18,125.860001,126.519997,126.707387313489,125.800003,125.57640017071284,0,-0.0022197399890577785,-0.0022197399890577785
2018-01-19,126.419998,126.730003,127.148855734193,126.410004,126.01038197239816,0,0.004449364337761441,0.0
2018-01-22,126.650002,126.75,127.0502515540672,126.279999,125.93516879158388,0,0.0018193640534625022,0.0
2018-01-23,127.279999,127.349998,127.0707595790741,126.339996,125.95768840739036,-1,0.004974314962900683,0.0
2018-01-24,128.830002,129.259995,128.94232861766963,128.229996,127.80540460203451,-1,0.012177899215728427,-0.012177899215728427
2018-01-25,127.970001,129.509995,129.2092766514038,127.360001,128.0864374598751,0,-0.00667547144802505,0.00667547144802505
2018-01-26,128.070007,128.520004,128.79947120464794,127.970001,127.65469071008036,0,0.0007814800282763823,0.0
2018-01-29,127.349998,127.629997,128.1519220103095,126.919998,127.01129605674387,1,-0.005621995476271069,-0.0
2018-01-30,126.800003,127.919998,128.48756064352935,126.739998,127.34104889417816,1,-0.0043187672448962156,-0.0043187672448962156
2018-01-31,127.650002,127.849998,128.0171296475319,126.400002,126.87627875097536,1,0.006703461986511172,0.006703461986511172
2018-02-01,128.070007,128.149994,127.71839294201948,127.080002,126.6032863917234,-1,0.00329028588656044,0.00329028588656044
2018-02-02,126.389999,126.849998,127.34874396059377,125.959999,126.24155555307266,1,-0.013117887937649564,0.013117887937649564
2018-02-05,126.709999,127.309998,127.41083760322635,126.440002,126.26280733698856,0,0.0025318458939143085,0.0025318458939143085
2018-02-06,125.379997,126.550003,127.1083368690598,125.220001,125.97042844621878,1,-0.010496424990106723,-0.0
2018-02-07,124.790001,125.769997,126.03883841546045,124.410004,124.91804636694786,1,-0.004705662897726781,-0.004705662897726781
2018-02-08,124.980003,125.440002,125.46829222574031,124.510002,124.38360215496806,0,0.0015225739119915094,0.0015225739119915094
2018-02-09,124.769997,125.139999,125.16829234910271,124.389999,124.1097467408198,0,-0.0016803168103619592,-0.0
2018-02-12,125.370003,125.82,125.71087669839672,125.110001,124.6454206683362,-1,0.004808896484945757,0.0
2018-02-13,126.080002,126.18,126.1791267479941,125.519997,125.1125887993164,-1,0.005663228707109447,-0.005663228707109447
2018-02-14,128.229996,128.589996,126.97567151849164,126.290001,125.90006559978254,-1,0.017052617115282054,-0.017052617115282054
2018-02-15,128.380005,128.570007,128.93433613843536,127.940002,127.83379082597604,0,0.0011698432869016173,-0.0011698432869016173
2018-02-16,127.959999,128.699997,128.82535486696923,127.57,127.700825100701,1,-0.0032715842315165222,-0.0
2018-02-20,126.239998,127.400002,127.84336973603206,126.040001,126.71421087315495,1,-0.013441708451404355,-0.013441708451404355
2018-02-21,125.660004,126.760002,126.95231790101356,125.440002,125.8137236993963,1,-0.004594375864929945,-0.004594375864929945
2018-02-22,126.300003,126.370003,126.49443300112986,125.879997,125.37312674654274,0,0.005093100267607786,0.005093100267607786
2018-02-23,126.139999,126.300003,126.59386898947685,125.849998,125.49925992821396,0,-0.0012668566603279974,-0.0
2018-02-26,126.449997,126.620003,126.98844965857492,126.18,125.8838036603442,0,0.002457570972392187,0.0
2018-02-27,125.129997,126.150002,126.59791477506876,124.589996,125.49343706471916,1,-0.01043890890721011,-0.0
2018-02-28,125.0,125.459999,125.65199080533743,124.809998,124.53673546105296,0,-0.0010388955735370908,-0.0010388955735370908
2018-03-01,124.720001,125.309998,124.70444593368536,123.580002,123.61104230274084,0,-0.002239992000000024,-0.0
2018-03-02,125.389999,125.690002,126.21537490151005,124.970001,125.1256171154022,1,0.005372017275721452,0.0
2018-03-05,125.18,125.480003,125.85468754845272,124.959999,124.78869118246678,0,-0.001674766741165623,-0.001674766741165623
2018-03-06,126.529999,126.959999,126.72300182100938,126.129997,125.63678855695984,-1,0.01078446237418107,0.0
2018-03-07,125.720001,126.290001,126.72730744142814,125.419998,125.64188013257824,1,-0.006401628122987724,0.006401628122987724
2018-03-08,125.419998,125.699997,126.22306920512165,125.129997,125.12778672123132,0,-0.0023862790137902934,-0.0023862790137902934
2018-03-09,125.540001,125.690002,125.49399685065497,124.779999,124.39309249901596,-1,0.000956809136609893,0.0
2018-03-12,125.540001,125.57,125.58692618788356,124.839996,124.49135965886454,0,0.0,-0.0
2018-03-13,125.779999,125.989998,126.22081596400083,125.050003,125.1082519543428,1,0.0019117253312750382,0.0
2018-03-14,125.699997,125.760002,126.02896936279537,125.339996,124.9244564417365,0,-0.0006360470713631106,-0.0006360470713631106
2018-03-15,124.900002,125.209999,125.66170475732,124.720001,124.56532978425145,0,-0.006364319960962206,-0.0
2018-03-16,124.599998,124.870003,125.40017826924068,124.209999,124.2934268706733,1,-0.0024019535243882117,-0.0
2018-03-19,124.870003,125.160004,125.12250097780276,124.419998,124.02274934183072,-1,0.0021669743525998264,0.0021669743525998264
2018-03-20,124.309998,124.550003,124.94170229526006,123.959999,123.861276726612,0,-0.0044847039845110626,0.0044847039845110626
2018-03-21,126.480003,126.760002,125.93094504051886,125.029999,124.85976383007716,-1,0.017456399605122686,0.0
2018-03-22,125.980003,126.339996,126.5896997587748,125.639999,125.51293614589667,0,-0.003953194087131684,0.003953194087131684
2018-03-23,127.610001,128.059998,128.3528087724265,127.610001,127.22944341179414,0,0.01293854549281126,0.0
2018-03-26,128.279999,128.580002,128.56320560109836,128.009995,127.45074929167724,-1,0.005250356513985199,0.0
2018-03-27,127.489998,127.620003,127.73648136798244,127.050003,126.65303821737648,0,-0.006158411335815517,0.006158411335815517
2018-03-28,125.730003,126.610001,127.04106831556956,125.510002,125.94095811795012,1,-0.013804965311867035,-0.0
2018-03-29,125.790001,125.809998,126.01044643648808,125.309998,124.89721086342372,0,0.0004771971571495559,0.0004771971571495559
2018-04-02,127.260002,127.540001,127.21746246011486,126.379997,126.10741807356604,-1,0.011686151429476377,0.0
2018-04-03,126.300003,126.589996,127.04196041746115,126.010002,125.96787728479046,0,-0.0075436035275247,0.0075436035275247
2018-04-04,126.449997,127.529999,128.04784399598458,126.32,126.93085085494003,1,0.001187600921909615,0.0
2018-04-05,125.800003,126.080002,125.9871597638081,125.43,124.88624632320251,-1,-0.0051403243607826,-0.0051403243607826
2018-04-06,126.389999,126.599998,127.13654417017588,126.129997,126.0135333906396,0,0.004689952193403402,-0.004689952193403402
2018-04-09,126.82,126.860001,126.98785665208634,126.230003,125.87191035419625,0,0.0034021758319657813,0.0
2018-04-10,127.120003,127.309998,127.55176928437616,126.669998,126.43986206557574,0,0.0023655811386216197,0.0
2018-04-11,128.110001,129.470001,128.63374466275374,127.779999,127.49758436145628,-1,0.007787901011928167,0.0
2018-04-12,126.620003,127.339996,127.77445907917964,126.470001,126.65529765289632,1,-0.011630614225036306,0.011630614225036306
2018-04-13,127.449997,127.75,127.64133178879386,127.029999,126.50401148128608,-1,0.006554999054928068,0.006554999054928068
2018-04-16,127.629997,128.050003,128.28940063597054,127.57,127.17321714690168,0,0.0014123185895407175,-0.0014123185895407175
2018-04-17,127.75,127.779999,127.53994268133336,127.0,126.45001193469176,-1,0.0009402413446737423,0.0
2018-04-18,127.849998,128.539993,128.8711860257163,127.75,127.75500490889333,1,0.0007827632093933001,-0.0007827632093933001
2018-04-19,127.599998,127.879997,128.34412965404195,127.129997,127.23651107098654,1,-0.0019554165343045327,-0.0019554165343045327
2018-04-20,126.629997,126.970001,127.23078777908935,126.550003,126.13650556544664,0,-0.007601888833885351,-0.007601888833885351
2018-04-23,125.620003,125.760002,126.18814123728984,125.339996,125.0822086450809,0,-0.007975945857441658,-0.0
2018-04-24,126.230003,126.339996,126.36134573504248,125.669998,125.24035251101267,0,0.004855914547303497,0.0
2018-04-25,125.410004,125.510002,125.76149804729384,125.059998,124.68145347894772,0,-0.006496070510273233,-0.0
2018-04-26,124.970001,125.57,126.07484426828724,124.690002,125.00360262747678,1,-0.0035085159553938094,-0.0
2018-04-27,125.5,125.620003,125.7291803568637,125.169998,124.66433206525991,0,0.004241009808426011,0.004241009808426011
2018-04-30,124.589996,125.199997,124.91191227296576,124.190002,123.87628492535028,-1,-0.0072510278884462265,-0.0
2018-05-01,123.709999,123.980003,124.42375083603842,123.389999,123.38365542968415,0,-0.007063143336163202,0.007063143336163202
2018-05-02,123.650002,124.540001,124.43640300299371,123.580002,123.3890040661352,-1,-0.00048498100788119114,-0.0
2018-05-03,124.279999,124.760002,125.1724663832008,124.239998,124.12820101470886,0,0.005095001939425803,-0.005095001939425803
2018-05-04,124.540001,124.650002,124.57741370425236,124.0,123.5553982169249,-1,0.0020920663187324884,0.0
2018-05-07,124.57,124.699997,124.9962934427938,124.300003,123.96129174489316,0,0.00024087843069775516,-0.00024087843069775516
2018-05-08,124.589996,124.949997,124.6458733068158,123.790001,123.60641379137408,-1,0.0001605201894516739,0.0
2018-05-09,124.330002,124.870003,124.9712583095551,124.239998,123.91742068666488,0,-0.0020867967601508886,0.0020867967601508886
2018-05-10,125.18,125.370003,125.74963179488832,124.75,124.67385174487144,0,0.006836628217861795,0.0
2018-05-11,125.0,125.589996,126.08018557758004,124.940002,125.00501829738243,1,-0.001437929381690406,-0.0
2018-05-14,124.489998,125.209999,125.68374430020532,124.440002,124.59195112000408,1,-0.004080015999999964,-0.004080015999999964
2018-05-15,122.480003,122.82,123.35828356934266,122.129997,122.28370589067497,1,-0.0161458352662196,-0.0161458352662196
2018-05-16,122.290001,122.610001,122.9659917951305,122.029999,121.8717451891877,0,-0.001551289968534597,-0.001551289968534597
2018-05-17,122.360001,122.43,122.77566063530814,122.040001,121.71661443361856,0,0.0005724098407684508,0.0
2018-05-18,122.410004,122.650002,122.55309397257491,122.010002,121.53035969197845,-1,0.00040865478580709436,0.0
2018-05-21,122.480003,122.529999,122.66188079077946,121.970001,121.64409181264644,0,0.0005718405172179253,-0.0005718405172179253
2018-05-22,122.410004,122.739998,123.20428070471756,122.339996,122.1795284320122,0,-0.0005715137025266159,-0.0
2018-05-23,122.540001,122.739998,122.63784392630656,122.110001,121.6193649426784,-1,0.0010619801956710528,0.0
2018-05-24,123.589996,123.82,123.60910551368237,123.080002,122.57691972808428,-1,0.008568589778287894,-0.008568589778287894
2018-05-25,123.209999,123.699997,124.1489438052291,123.209999,123.11663710788196,0,-0.003074658243374384,0.003074658243374384
2018-05-29,123.190002,123.639999,123.34670742605272,122.660004,122.30329558426752,-1,-0.00016230013929297016,-0.0
2018-05-30,123.370003,123.610001,123.7117685355643,123.169998,122.63505913008566,0,0.0014611656553100705,-0.0014611656553100705
2018-05-31,123.099998,123.779999,123.78524517805576,123.099998,122.7211348522725,0,-0.002188579017867065,-0.0
2018-06-01,122.489998,123.089996,123.09948990470332,122.440002,122.05685615191751,0,-0.004955320957844345,-0.0
2018-06-04,122.370003,122.93,123.38789661164375,122.370003,122.33258449132892,0,-0.0009796310062801794,-0.0
2018-06-05,122.849998,123.230003,123.07388430088996,122.279999,122.02213469014627,-1,0.003922489076019664,0.0
2018-06-06,122.919998,123.349998,123.59452495298342,122.629997,122.5428547273593,0,0.0005698005790770733,-0.0005698005790770733
2018-06-07,122.860001,123.150002,123.47503138680555,122.690002,122.41666299625368,0,-0.0004880979578278932,-0.0
2018-06-08,123.010002,123.120003,123.61030835085538,122.910004,122.53794114309052,0,0.00122090996890023,0.0
2018-06-11,123.230003,123.419998,123.62100685032118,123.019997,122.56227745863424,0,0.001788480582253671,0.0
2018-06-12,122.82,123.18,123.46780133216808,122.639999,122.41450336066976,0,-0.003327136168291722,-0.0
2018-06-13,123.190002,123.339996,123.37187736264563,122.470001,122.30946872888276,0,0.003012554958475855,0.0
2018-06-14,123.379997,123.860001,124.16330219953062,123.32,123.08655117879928,0,0.00154229236882375,0.0
2018-06-15,121.339996,122.199997,122.69192823522934,120.830002,121.64031718010204,1,-0.016534292831924757,-0.0
2018-06-18,121.110001,121.440002,121.91827123751972,120.989998,120.8389039270196,0,-0.0018954591031963286,-0.0018954591031963286
2018-06-19,120.800003,121.029999,121.35265918536126,120.580002,120.3077472850125,0,-0.0025596399755623,-0.0
2018-06-20,120.260002,120.809998,121.2985873399096,120.160004,120.28591817461346,1,-0.004470206842627333,-0.0
2018-06-21,120.050003,120.32,120.4209622918718,119.82,119.42442353129164,0,-0.001746208186492404,-0.001746208186492404
2018-06-22,120.339996,120.400002,120.71295990869524,120.099998,119.71741708181408,0,0.0024156017722047896,0.0
2018-06-25,119.889999,120.230003,120.48290852612692,119.830002,119.4996047893832,0,-0.0037393802140395227,-0.0
2018-06-26,119.260002,119.589996,119.77053851008708,119.089996,118.79064754561124,0,-0.005254791936398329,-0.0
2018-06-27,118.580002,119.050003,119.46599003456586,118.480003,118.48239775537022,1,-0.0057018278433368375,-0.0
2018-06-28,118.220001,118.669998,119.09136822079054,118.010002,118.11226617340468,1,-0.0030359334957676953,-0.0030359334957676953
2018-06-29,118.650002,118.940002,118.91993342501002,118.260002,117.94935103867805,-1,0.0036372948431966368,0.0036372948431966368
2018-07-02,117.459999,118.209999,118.65015376324448,117.400002,117.69533952336434,1,-0.010029523640463167,0.010029523640463167
2018-07-03,118.650002,119.080002,118.9044396743509,118.379997,117.92798011938396,-1,0.010131134089316651,0.010131134089316651
2018-07-05,119.050003,119.330002,119.3891582890379,118.769997,118.42192129227352,0,0.0033712683797511023,-0.0033712683797511023
2018-07-06,118.860001,119.029999,119.43182631983495,118.730003,118.46253493187034,0,-0.0015959848400843857,-0.0
2018-07-09,119.150002,119.730003,120.1481064022781,119.139999,119.1463540240894,1,0.0024398535887610873,0.0
2018-07-10,118.93,119.0,119.37965664532578,118.610001,118.38311942526995,0,-0.0018464288401773832,-0.0018464288401773832
2018-07-11,117.639999,118.529999,118.9582190965167,117.620003,117.95308604507731,1,-0.010846724964264753,-0.0
2018-07-12,118.129997,118.260002,118.53793295265538,117.940002,117.50805720839624,0,0.0041652329493815365,0.0041652329493815365
2018-07-13,117.610001,117.75,118.13277692103956,117.449997,117.12383707273088,0,-0.00440189632782273,-0.0
2018-07-16,117.550003,117.629997,118.0179561322876,117.279999,117.0182274408091,0,-0.0005101436909263901,-0.0
2018-07-17,116.279999,116.93,117.22404599180986,116.120003,116.24091778502132,1,-0.010803946980758483,-0.0
2018-07-18,116.309998,116.349998,116.54535531073242,115.830002,115.56917204637544,0,0.0002579893383038989,0.0002579893383038989
2018-07-19,115.809998,116.470001,115.62545985356228,115.120003,114.68005851883278,-1,-0.004298856578090593,-0.0
2018-07-20,116.559998,116.709999,116.8987279944852,116.239998,115.9420826783206,0,0.006476124798827865,-0.006476124798827865
2018-07-23,116.0,116.309998,116.71515623972968,115.760002,115.7722976216586,1,-0.004804375511399672,-0.0
2018-07-24,116.040001,116.43,116.69999823880634,115.910004,115.74709371435458,0,0.00034483620689651495,0.00034483620689651495
2018-07-25,116.68,116.839996,117.2772741065604,116.269997,116.3129463080468,1,0.0055153308728428385,0.0
2018-07-26,115.769997,116.510002,116.70228433891636,115.769997,115.75517690102726,0,-0.007799134384641748,-0.007799134384641748
2018-07-27,115.830002,116.239998,116.4150538864424,115.769997,115.44958828341866,0,0.0005183121841143556,0.0
2018-07-30,115.650002,116.019997,116.29783924404173,115.639999,115.3298696181994,0,-0.0015540015271690022,-0.0
2018-07-31,115.989998,116.349998,115.9639631563938,115.389999,114.99153073408176,-1,0.0029398702474729976,0.0
2018-08-01,115.139999,115.699997,116.12600832761152,115.129997,115.15134997374884,1,-0.007328209454749657,0.007328209454749657
2018-08-02,114.519997,115.230003,115.67590467151122,114.419998,114.69683292875382,1,-0.005384766418141118,-0.005384766418141118
2018-08-03,114.919998,115.529999,115.59387390921098,114.860001,114.62996865073757,0,0.0034928485022576172,0.0034928485022576172
2018-08-06,114.330002,114.720001,115.03347656377017,114.309998,114.09472341272112,0,-0.005133971547754634,-0.0
2018-08-07,114.589996,114.940002,115.33662789958848,114.419998,114.38873513566044,0,0.002274066259528418,0.0
2018-08-08,114.910004,114.949997,115.22727632753517,114.410004,114.28382474823346,0,0.002792634707832642,0.0
2018-08-09,114.739998,115.120003,115.49188358987688,114.690002,114.54882203862368,0,-0.001479470838761765,-0.0
2018-08-10,114.690002,115.230003,115.29083285554812,114.610001,114.3412885528368,0,-0.00043573296907317705,-0.0
2018-08-13,112.959999,113.809998,114.29431377774526,112.830002,113.3536646913526,1,-0.015084165749687628,-0.0
2018-08-14,113.07,113.480003,113.76922429687389,112.839996,112.80752339383903,0,0.0009738048953062961,0.0009738048953062961
2018-08-15,111.190002,112.18,112.6614231706667,111.059998,111.73129706335574,1,-0.01662685062350744,-0.0
2018-08-16,111.099998,111.879997,111.9587527904978,111.099998,111.03476146539946,0,-0.0008094612679295787,-0.0008094612679295787
2018-08-17,112.129997,112.150002,112.17119558769414,111.379997,111.25996977433694,0,0.00927091825870252,0.0
2018-08-20,112.690002,112.739998,112.81851455358792,112.160004,111.92233700497076,0,0.004994247881768832,0.0
2018-08-21,113.019997,113.099998,113.21341618528606,112.440002,112.30492890207628,0,0.0029283431905520185,0.0
2018-08-22,113.269997,113.489998,113.85697459149712,113.07,112.92491344387236,0,0.0022119979351973296,0.0
2018-08-23,112.199997,112.879997,113.15001987075836,112.059998,112.218927697987,1,-0.009446455622312833,-0.0
2018-08-24,114.160004,114.419998,113.75985712461012,113.209999,112.79531964516724,-1,0.017468868559773698,0.017468868559773698
2018-08-27,114.589996,114.779999,114.5936527069338,114.120003,113.63528316083134,-1,0.0037665730985783075,-0.0037665730985783075
2018-08-28,113.68,114.870003,115.23430457932947,113.550003,114.26504948497931,1,-0.00794132150942739,0.00794132150942739
2018-08-29,114.199997,114.209999,114.67493183694116,113.849998,113.68327235078073,0,0.0045742171006333265,0.0045742171006333265
2018-08-30,113.639999,113.93,114.42021686175426,113.239998,113.45678040280605,1,-0.004903660374001473,-0.0
2018-08-31,113.510002,114.059998,114.2233394472999,113.440002,113.25974424807742,0,-0.0011439370040825514,-0.0011439370040825514
2018-09-04,112.93,113.07,113.2554603623166,112.610001,112.29902103847706,0,-0.0051096994959086706,-0.0
2018-09-05,113.32,113.440002,113.88203504580932,113.120003,112.90552245057592,0,0.0034534667493135718,0.0
2018-09-06,113.540001,114.260002,114.39189103649612,113.279999,113.41405178546631,1,0.0019414136957289774,0.0
2018-09-07,113.230003,113.599998,113.74616802791068,112.970001,112.78002310188968,0,-0.0027302976683962754,-0.0027302976683962754
2018-09-10,113.150002,113.43,113.77374865654092,113.0,112.78689870111896,0,-0.0007065353517653472,-0.0
2018-09-11,113.220001,113.370003,113.15551344365394,112.419998,112.18689644423364,-1,0.0006186389638773715,0.0
2018-09-12,114.169998,114.389999,113.6195834650067,113.059998,112.6662747933444,-1,0.008390717113666346,-0.008390717113666346
2018-09-13,113.760002,114.779999,115.21410139817382,113.580002,114.23747717087934,1,-0.0035911010526601395,0.0035911010526601395
2018-09-14,113.019997,113.900002,114.28731936741175,112.910004,113.29741490236144,1,-0.006504966481980179,-0.006504966481980179
2018-09-17,113.610001,114.029999,114.13358761961018,113.550003,113.11916391337554,0,0.005220350519032468,0.005220350519032468
2018-09-18,113.440002,113.910004,114.30138218254052,113.279999,113.29908216357563,1,-0.0014963383373264305,-0.0
2018-09-19,113.879997,114.150002,114.44701352498878,113.68,113.44736268968023,0,0.0038786582531971092,0.0038786582531971092
2018-09-20,114.269997,114.370003,114.71846523141409,113.860001,113.71501405460056,0,0.003424657624464089,0.0
2018-09-21,113.489998,113.68,113.36281950990268,112.790001,112.39188384455616,-1,-0.006825929994554891,-0.0
2018-09-24,113.470001,113.959999,114.22174117557368,113.43,113.21532416215196,0,-0.00017620054940881147,0.00017620054940881147
2018-09-25,113.650002,113.889999,114.27806286517288,113.57,113.26802110283931,0,0.0015863311748802733,0.0
2018-09-26,113.050003,113.599998,113.62190124131172,112.660004,112.6225281827834,0,-0.005279357584173194,-0.0
2018-09-27,112.050003,112.419998,112.620166933379,111.849998,111.63874695170998,0,-0.00884564328582993,-0.0
2018-09-28,112.760002,113.0,112.69255604850684,112.07,111.71728144682903,-1,0.006336447844628834,0.0
2018-10-01,112.57,112.620003,112.89368552459068,112.150002,111.9445135742282,0,-0.0016850123858636046,0.0016850123858636046
2018-10-02,113.870003,114.330002,114.19324918228608,113.610001,113.22832786052824,-1,0.01154839655325568,0.0
2018-10-03,113.419998,114.050003,114.34410975851446,113.260002,113.3771133355536,1,-0.0039519187507177644,0.0039519187507177644
2018-10-04,113.480003,114.190002,114.32717043331502,113.260002,113.34407537350464,1,0.0005290513230302718,0.0005290513230302718
2018-10-05,113.800003,114.099998,114.32329925700324,113.57,113.32947797318042,0,0.002819880080546122,0.002819880080546122
2018-10-08,112.540001,112.589996,112.7448723108402,111.900002,111.78156378238828,0,-0.01107207352182582,-0.0
2018-10-09,112.599998,112.669998,112.9128664928734,111.970001,111.92094621574076,0,0.0005331171091778053,0.0
2018-10-10,112.879997,112.959999,112.99877347828668,112.25,112.00758570842224,0,0.002486669671166508,0.0
2018-10-11,115.779999,116.040001,114.71266084225522,114.089996,113.7096298529404,-1,0.025691017692000884,0.0
2018-10-12,115.230003,115.709999,116.04566343526368,115.080002,115.05237213034312,0,-0.0047503541609117406,0.0047503541609117406
2018-10-15,116.0,116.529999,116.62463260750404,115.889999,115.60075376850044,0,0.006682261389856947,0.0
2018-10-16,115.800003,116.599998,117.01147857290752,115.800003,115.98482660607836,1,-0.0017241120689654998,-0.0
2018-10-17,115.790001,116.330002,116.40534883476276,115.68,115.3914781307428,0,-8.637305475722723e-05,-8.637305475722723e-05
2018-10-18,115.919998,116.410004,116.3604932073692,115.629997,115.34511802343526,-1,0.0011226962507755456,0.0
2018-10-19,116.010002,116.239998,116.75562032094756,115.959999,115.740484308082,0,0.0007764320354801679,-0.0007764320354801679
2018-10-22,115.709999,115.779999,116.08600539269858,115.43,115.08279706467071,0,-0.0025860097821566175,-0.0
2018-10-23,116.389999,117.25,117.69876230614852,116.330002,116.66736742434088,1,0.00587676091847511,0.0
2018-10-24,116.660004,116.720001,116.88060607690922,116.110001,115.87177812760908,0,0.002319829902223791,0.002319829902223791
2018-10-25,116.400002,116.730003,117.09514111920178,116.190002,116.08039654221945,0,-0.002228715850206897,-0.0
2018-10-26,116.769997,117.650002,117.35852131510724,116.459999,116.33631723989464,-1,0.0031786511481330937,0.0
2018-10-29,116.309998,116.540001,116.92994889686985,115.839996,115.91365228740176,1,-0.003939359525718,0.003939359525718
2018-10-30,115.800003,116.040001,116.37575939638351,115.639999,115.36863243785464,0,-0.004384790721086551,-0.004384790721086551
2018-10-31,115.150002,115.169998,115.42736255068591,114.660004,114.4188890879946,0,-0.0056131345696079915,-0.0
2018-11-01,116.629997,117.07,116.88367272335022,116.18,115.84380760961696,-1,0.012852757049887087,0.0
2018-11-02,116.650002,116.980003,117.10989815086717,116.389999,116.0887263586067,0,0.00017152534094644345,-0.00017152534094644345
2018-11-05,116.370003,116.669998,116.7899634191232,116.230003,115.76230073690836,0,-0.002400334292321782,-0.0
2018-11-06,116.040001,116.529999,116.9864494552367,115.739998,115.9343567466166,1,-0.002835799531602623,-0.0
2018-11-07,116.029999,116.349998,116.80378803040344,115.900002,115.7515601963007,0,-8.619441497592639e-05,-8.619441497592639e-05
2018-11-08,115.779999,116.150002,116.30268649758044,115.5,115.26457036698372,0,-0.002154615204297272,-0.0
2018-11-09,114.480003,114.75,115.12985114386971,114.139999,114.110936345357,0,-0.011228156946175183,-0.0
2018-11-12,113.660004,114.050003,114.5614232167313,113.580002,113.54528396830229,0,-0.007162814277704044,-0.0
2018-11-13,113.699997,113.93,114.25501411515476,113.419998,113.26296304799337,0,0.00035186519965280105,0.0
2018-11-14,114.639999,115.059998,114.02835503204734,113.459999,113.06669405621308,-1,0.008267388080933857,0.0
2018-11-15,114.769997,114.989998,115.31298253246516,114.559998,114.34949515111674,0,0.0011339672115664445,-0.0011339672115664445
2018-11-16,115.620003,115.879997,116.3160916735164,115.370003,115.3310640069556,0,0.007406169053049583,0.0
2018-11-19,115.669998,115.919998,115.92991289962592,115.370003,114.94835637858816,0,0.0004324078766890782,0.0
2018-11-20,115.669998,115.949997,116.4451478990496,115.370003,115.44454702995328,1,0.0,0.0
2018-11-21,115.860001,116.349998,116.45589989218485,115.860001,115.44328234556647,0,0.0016426299237939368,0.0016426299237939368
2018-11-23,115.769997,115.879997,116.27462666939604,115.589996,115.26350444989666,0,-0.0007768341034278814,-0.0
2018-11-26,115.639999,115.870003,116.36289207732572,115.529999,115.34589727002948,0,-0.001122898880268619,-0.0
2018-11-27,114.949997,115.629997,116.07076350255625,114.599998,115.06240573175272,1,-0.005966810843711645,-0.0
2018-11-28,115.379997,116.07,115.2836582438272,114.589996,114.28591974528771,-1,0.0037407569484322334,0.0037407569484322334
2018-11-29,115.739998,116.239998,116.48919770399826,115.559998,115.48926723122122,0,0.0031201335531323426,-0.0031201335531323426
2018-11-30,115.540001,115.660004,115.9148502887395,115.040001,114.9231756399542,0,-0.001727985168964663,-0.0
2018-12-03,116.410004,116.769997,117.13463808777608,116.300003,116.09374004654848,0,0.007529885688680293,0.0
2018-12-04,117.120003,117.389999,117.88165709423316,116.93,116.84316247947152,0,0.0060991235770424534,0.0
2018-12-06,117.139999,117.690002,117.873470562514,116.919998,116.85663212107582,0,0.00017073086994368047,0.0
2018-12-07,118.089996,118.230003,118.13401633952849,117.540001,117.11200256577482,-1,0.008109928360166663,0.0
2018-12-10,117.68,117.940002,118.20571149745484,117.419998,117.19695571988431,0,-0.0034718944354946712,0.0034718944354946712
2018-12-11,117.540001,117.889999,118.19471398612023,117.349998,117.17404302865408,0,-0.001189658395649218,-0.0
2018-12-12,117.790001,117.949997,118.23517158918705,117.610001,117.20839675956093,0,0.0021269354932198503,0.0
2018-12-13,117.529999,117.620003,118.05918645986792,117.260002,117.04608784638243,0,-0.002207335069128624,-0.0
2018-12-14,117.059998,117.300003,117.15126824515232,116.580002,116.14776796348468,-1,-0.003998987526580455,-0.0
2018-12-17,117.870003,118.029999,117.91392784361024,117.349998,116.89063709730507,-1,0.006919571278311443,-0.006919571278311443
2018-12-18,118.150002,118.199997,118.36404054870154,117.809998,117.34823472397036,0,0.0023754898860908202,-0.0023754898860908202
2018-12-19,117.43,118.959999,118.75490668746794,117.400002,117.72572814921598,0,-0.006093965195193118,-0.0
2018-12-20,119.239998,119.739998,119.65596022314575,118.68,118.5854126010696,-1,0.015413420761304586,0.0
2018-12-21,118.720001,119.25,119.69335242356765,118.57,118.64671735015838,1,-0.004360927614239007,0.004360927614239007
2018-12-24,120.019997,120.139999,120.08839321675988,119.57,119.04083985456874,-1,0.01095010098593252,0.01095010098593252
2018-12-26,119.660004,121.0,121.13613484627764,119.57,120.08992255650172,1,-0.002999441834680261,0.002999441834680261
2018-12-27,120.57,120.900002,121.08819718546042,120.139999,120.0330624040664,0,0.007604846812473642,0.007604846812473642
2018-12-28,121.059998,121.080002,121.32032473207832,120.720001,120.27000062855832,0,0.004064012606784351,0.0
2018-12-31,121.25,121.260002,121.49796350409642,120.830002,120.45014093704398,0,0.0015694862311166347,0.0
2019-01-02,121.330002,121.75,121.88598475062112,120.879997,120.82591857711012,0,0.0006598103092783081,0.0
2019-01-03,122.43,122.459999,122.32157992950788,121.730003,121.2521805459172,-1,0.009066166503483686,0.0
2019-01-04,121.440002,121.599998,121.8408203507594,120.690002,120.79265198852504,1,-0.008086237033406829,0.008086237033406829
2019-01-07,121.860001,122.220001,122.72211229759964,121.57,121.63998853365896,1,0.003458489732238279,0.003458489732238279
2019-01-08,121.529999,121.709999,121.69001951151483,121.059998,120.62941451252348,-1,-0.002708041993204957,-0.002708041993204957
2019-01-09,122.309998,122.339996,121.99799320535897,121.440002,120.9339717075606,-1,0.006418160177883214,-0.006418160177883214
2019-01-10,121.589996,122.18,122.5159336745772,121.57,121.4545074847999,0,-0.005886697831521404,0.005886697831521404
2019-01-11,121.800003,122.050003,122.28509301776111,121.660004,121.21154934492364,0,0.0017271733440964443,0.0
2019-01-14,122.089996,122.239998,122.69982583197034,121.870003,121.61688541014824,0,0.002380894851045312,0.0
2019-01-15,121.879997,122.379997,122.81400839699982,121.620003,121.7327819508042,1,-0.001720034457204811,-0.0
2019-01-16,122.269997,122.440002,122.586717243707,122.019997,121.49084562264508,0,0.0031998688020971056,0.0031998688020971056
2019-01-17,122.110001,122.260002,122.5832862016754,121.809998,121.47523692416772,0,-0.001308546691139667,-0.0
2019-01-18,121.019997,121.519997,121.77255226541033,121.019997,120.69605237346693,0,-0.008926410540279983,-0.0
2019-01-22,121.449997,121.5,121.760979759017,120.900002,120.6483742202105,0,0.003553131801845799,0.0
2019-01-23,121.279999,121.540001,121.512025085553,120.860001,120.42251874010115,-1,-0.001399736551660813,-0.0
2019-01-24,121.089996,121.360001,121.70000765817352,120.919998,120.62562763769972,0,-0.001566647440358282,0.001566647440358282
2019-01-25,122.860001,122.910004,122.55919422258036,122.019997,121.48679081937618,-1,0.014617268630515046,0.0
2019-01-28,123.290001,123.290001,123.26108260428614,122.720001,122.18463210096348,-1,0.003499918578057093,-0.003499918578057093
2019-01-29,123.980003,124.0,124.2356207979513,123.459999,123.13858189114592,0,0.005596577130370761,-0.005596577130370761
2019-01-30,124.690002,125.07,124.44326477466696,123.699997,123.34927189887398,-1,0.005726721913371868,0.0
2019-01-31,124.75,125.230003,125.7185879599376,124.620003,124.6190812822816,0,0.00048117731203500824,-0.00048117731203500824
2019-02-01,124.5,125.050003,125.42996007882306,124.370003,124.3285367088022,0,-0.002004008016032066,-0.0
2019-02-04,123.959999,124.290001,124.54363497421936,123.82,123.44761391036954,0,-0.004337357429718858,-0.0
2019-02-05,124.279999,124.419998,124.85942886687698,124.050003,123.7552168718749,0,0.002581477916920649,0.0
2019-02-06,123.440002,124.190002,124.70573830359808,123.400002,123.61632018955616,1,-0.006758907360467581,-0.0
2019-02-07,123.739998,123.949997,124.3532264673274,123.440002,123.25895591655404,0,0.002430298081168125,0.002430298081168125
2019-02-08,124.209999,124.330002,124.59725257061528,123.980003,123.50497286019537,0,0.0037982948730934663,0.0
2019-02-11,123.599998,123.82,123.71725579461835,123.190002,122.6410953108694,-1,-0.00491104584905433,-0.0
2019-02-12,123.860001,124.029999,124.52901211551864,123.610001,123.413421197891,0,0.002103584176433415,-0.002103584176433415
2019-02-13,123.370003,124.550003,124.39292338743336,123.309998,123.28126075260894,-1,-0.003956063265331267,-0.0
2019-02-14,124.059998,124.199997,124.3859776587674,123.529999,123.28858198810308,0,0.005592891166582792,-0.005592891166582792
2019-02-15,124.800003,125.0,125.1239205713978,124.18,124.03002632124152,0,0.005964896114217355,0.0
2019-02-19,126.699997,126.790001,126.51054801682724,125.93,125.39011451017667,-1,0.01522431053146689,0.0
2019-02-20,126.480003,127.209999,127.51018990686131,126.309998,126.39681211781355,1,-0.001736337846953484,0.001736337846953484
2019-02-21,125.050003,126.220001,126.67973666970543,125.050003,125.57239761677826,1,-0.011306135089196645,-0.011306135089196645
2019-02-22,125.5,125.949997,126.11624345400804,125.389999,124.98199579830064,0,0.0035985364990354096,0.0035985364990354096
2019-02-25,125.370003,125.900002,126.3408159657566,125.230003,125.22463426824145,0,-0.0010358326693227227,-0.0
2019-02-26,125.580002,125.620003,125.8696053458625,125.050003,124.7682915233968,0,0.0016750338595747927,0.0
2019-02-27,124.690002,125.230003,125.71679776613688,124.400002,124.61753374763192,1,-0.007087115669897726,-0.0
2019-02-28,123.989998,124.709999,125.27128333571297,123.980003,124.1631376612508,1,-0.005613954517379893,-0.005613954517379893
2019-03-01,121.879997,123.959999,124.04278303442668,121.870003,122.94159807187948,1,-0.01701750975106875,-0.01701750975106875
2019-03-04,121.559998,121.849998,122.13255168552188,121.18,121.04358584838909,0,-0.0026255251712880012,-0.0026255251712880012
2019-03-05,121.720001,121.730003,121.92752938223302,121.029999,120.87607990535872,0,0.0013162471424192912,0.0
2019-03-06,121.610001,121.639999,121.93111924135884,121.260002,120.91581128218672,0,-0.0009037134332590124,-0.0
2019-03-07,121.510002,121.709999,121.76814353898448,121.18,120.75705811340224,0,-0.0008222925678620374,-0.0
2019-03-08,122.839996,122.889999,123.21004811806598,122.370003,122.17599325830976,0,0.010945551626276862,0.0
2019-03-11,122.239998,122.540001,122.99103761590504,121.919998,121.975552781318,1,-0.004884386352471015,-0.0
2019-03-12,122.980003,123.029999,123.04404492650468,122.400002,122.0072614537047,0,0.006053705923653618,0.006053705923653618
2019-03-13,123.839996,123.879997,124.07477968197118,123.43,123.02088107412308,0,0.006992949902595136,0.0
2019-03-14,122.410004,122.550003,122.822679121866,122.120003,121.78500479003908,0,-0.01154709339622395,-0.0
2019-03-15,122.970001,123.400002,123.62698369376398,122.910004,122.52951892732789,0,0.004574764984077495,0.0
2019-03-18,123.040001,123.400002,123.83794471086776,122.889999,122.75814184169896,0,0.0005692445265574886,0.0
2019-03-19,123.379997,123.790001,124.23516583388168,123.339996,123.1717426897107,0,0.0027632964664880966,0.0
2019-03-20,124.18,124.419998,124.17431023139248,122.650002,123.1141842804866,0,0.006484057541353394,0.0
2019-03-21,123.68,124.370003,124.87498942203985,123.110001,123.81105134675369,1,-0.004026413271058127,-0.0
2019-03-22,123.970001,124.220001,124.46140294061338,123.730003,123.38360124959118,0,0.002344768758085314,0.002344768758085314
2019-03-25,124.919998,125.110001,125.09839117377858,124.480003,124.01712091758736,-1,0.0076631200478898265,0.0
2019-03-26,124.300003,124.510002,124.991407541536,124.07,123.92782836723184,0,-0.004963136486761721,0.004963136486761721
2019-03-27,123.650002,124.379997,124.8891871306992,123.559998,123.81059504388416,1,-0.005229291909188527,-0.0
2019-03-28,121.900002,122.360001,122.82428241163288,121.709999,121.76485886157042,1,-0.01415285055959803,-0.01415285055959803
2019-03-29,122.010002,122.75,123.2246861984856,122.010002,122.12831060012216,1,0.0009023789843745078,0.0009023789843745078
2019-04-01,121.529999,122.43,122.93644710507036,121.459999,121.8676881711184,1,-0.003934128285646543,-0.003934128285646543
2019-04-02,121.980003,122.010002,122.23072193506734,121.68,121.18956220707182,0,0.0037028223788597714,0.0037028223788597714
2019-04-03,121.800003,122.010002,122.2352139080314,121.68,121.20814348406984,0,-0.001475651709895387,-0.0
2019-04-04,122.110001,122.239998,121.6024749097683,120.959999,120.586714174086,-1,0.002545139510382377,0.0
2019-04-05,121.980003,122.129997,122.39502297968082,121.660004,121.36943585093816,0,-0.0010645974853443763,0.0010645974853443763
2019-04-08,122.510002,123.019997,123.48434300124924,122.400002,122.44005902513156,1,0.004344966281071505,0.0
2019-04-09,123.150002,123.349998,123.75836472986036,123.029999,122.7136018290022,0,0.005224063256484168,0.005224063256484168
2019-04-10,123.529999,123.769997,123.71740001830466,123.190002,122.6681118272856,-1,0.0030856434740456073,0.0
2019-04-11,121.949997,122.75,123.05782893301314,121.790001,121.99564582607208,1,-0.012790431577677008,0.012790431577677008
2019-04-12,121.830002,122.309998,122.52096016103047,121.800003,121.44123783319372,0,-0.0009839688638942912,-0.0009839688638942912
2019-04-15,121.599998,121.82,121.74735590914165,121.099998,120.68670721619422,-1,-0.0018879093509330813,-0.0
2019-04-16,120.510002,120.629997,120.9088348471376,120.190002,119.87188138389013,0,-0.008963783042167495,0.008963783042167495
2019-04-17,120.279999,120.510002,121.00697579347624,120.199997,119.96341862614057,0,-0.0019085801691380855,-0.0
2019-04-18,120.370003,120.540001,120.7628157438874,120.150002,119.7391473888137,0,0.0007482873357855802,0.0
2019-04-22,120.370003,120.5,120.9610695807052,120.269997,119.95262215766718,0,0.0,0.0
2019-04-23,120.120003,120.199997,120.1615974426142,119.550003,119.16772583134328,-1,-0.0020769294157116924,-0.0
2019-04-24,120.470001,120.720001,120.56839558561768,120.040001,119.56624523106088,-1,0.002913736190965688,-0.002913736190965688
2019-04-25,120.57,121.099998,121.21775101857736,120.5,120.2134396061726,0,0.0008300738704234423,-0.0008300738704234423
2019-04-26,121.370003,121.669998,121.75075666495368,121.220001,120.74259070378474,0,0.006635174587376724,0.0
2019-04-29,120.830002,120.910004,121.36336235249225,120.669998,120.35810638936708,0,-0.004449213039897537,-0.0
2019-04-30,121.199997,121.360001,121.40569800868164,120.849998,120.37584959678486,0,0.0030621120075791097,0.0
2019-05-01,120.400002,121.550003,121.5555971332863,120.18,120.5065497412232,1,-0.006600618975262762,-0.0
2019-05-02,119.940002,120.110001,120.216478707183,119.540001,119.1769026059058,0,-0.003820597943179349,-0.003820597943179349
2019-05-03,120.650002,121.080002,121.10788567891056,120.480003,120.05405586870948,0,0.0059196263811966965,0.0
2019-05-06,120.809998,121.120003,121.11620271140528,120.540001,120.08255084185946,-1,0.0013261168449876237,0.0
2019-05-07,121.209999,121.419998,121.53177071223234,120.910004,120.48821202297772,0,0.003310992522324252,-0.003310992522324252
2019-05-08,120.910004,121.540001,122.06192321674608,120.769997,121.00100316321588,1,-0.0024750020829551467,-0.0
2019-05-09,121.199997,121.620003,121.4868348716993,120.860001,120.42310384846655,-1,0.002398420233283627,0.002398420233283627
2019-05-10,121.43,121.730003,121.94411705583336,121.300003,120.87681952504803,0,0.0018977145684253571,-0.0018977145684253571
2019-05-13,122.669998,122.849998,123.15393718764096,122.330002,122.08579858055758,0,0.010211628098492964,0.0
2019-05-14,122.459999,122.660004,123.0938335337612,122.120003,122.04918051045318,0,-0.0017119018784039763,-0.0
